ticker,review_bucket,review_rationale,active_theme_count,active_themes,active_categories,status,manual_suppressed,manual_suppression_reason,suppression_reason,last_failure_category,consecutive_failure_count,rolling_failure_count,last_failure_at,last_success_at,snapshot_present,snapshot_run_finished_at,snapshot_run_age_days,snapshot_market_ts,snapshot_scope_type,price,avg_volume,dollar_volume,valid_price,valid_avg_volume,valid_dollar_volume,passes_current_ranking_inputs_except_suppression,perf_1d,perf_1w,perf_1m,perf_3m,failure_count_30d,failure_categories_30d,last_failure_run_finished_at,durable_suppression_provenance_present
ABB,keep suppressed,no current preferred snapshot; last failure category NO_CANDLES; durable suppression provenance present,3,"AI - Robotics, Automation & Controls, EV - Charging","Artificial Intelligence, Autos & EV, Industrials - Machinery",refresh_suppressed,False,,Suppression approved in Health review queue.,NO_CANDLES,3,4,2026-03-11 19:49:07.092340,2026-03-11 10:26:24.613592,False,,,,,,,,False,False,False,False,,,,,0,,2026-03-11 19:54:24.668853,True
ACIA,keep suppressed,no current preferred snapshot; last failure category NO_CANDLES; durable suppression provenance present,1,AI - Edge Computing,Artificial Intelligence,refresh_suppressed,False,,Suppression approved in Health review queue.,NO_CANDLES,3,4,2026-03-11 19:49:09.587956,2026-03-11 10:26:24.806401,False,,,,,,,,False,False,False,False,,,,,0,,2026-03-11 19:54:24.668853,True
AGN,keep suppressed,no current preferred snapshot; last failure category NO_CANDLES; durable suppression provenance present,1,Pharma - Generic,Healthcare - Pharma,refresh_suppressed,False,,Suppression approved in Health review queue.,NO_CANDLES,3,4,2026-03-11 19:49:14.719664,2026-03-11 10:26:25.140181,False,,,,,,,,False,False,False,False,,,,,0,,2026-03-11 19:54:24.668853,True
ALS,keep suppressed,no current preferred snapshot; last failure category NO_CANDLES; durable suppression provenance present,1,Testing & Inspection,Industrials - Services,refresh_suppressed,False,,Suppression approved in Health review queue.,NO_CANDLES,3,4,2026-03-11 19:49:19.091445,2026-03-11 10:26:25.382726,False,,,,,,,,False,False,False,False,,,,,0,,2026-03-11 19:54:24.668853,True
ALTM,keep suppressed,no current preferred snapshot; last failure category NO_CANDLES; durable suppression provenance present,1,Lithium,Metals & Mining,refresh_suppressed,False,,Suppression approved in Health review queue.,NO_CANDLES,3,4,2026-03-11 19:49:19.610094,2026-03-11 10:26:25.419682,False,,,,,,,,False,False,False,False,,,,,0,,2026-03-11 19:54:24.668853,True
ANTM,keep suppressed,no current preferred snapshot; last failure category NO_CANDLES; durable suppression provenance present,1,Insurance - Health,Financials - Insurance,refresh_suppressed,False,,Suppression approved in Health review queue.,NO_CANDLES,3,4,2026-03-11 19:49:24.547563,2026-03-11 10:26:25.731957,False,,,,,,,,False,False,False,False,,,,,0,,2026-03-11 19:54:24.668853,True
APTS,keep suppressed,no current preferred snapshot; last failure category NO_CANDLES; durable suppression provenance present,1,Hotels & Lodging,Consumer - Leisure,refresh_suppressed,False,,Suppression approved in Health review queue.,NO_CANDLES,3,4,2026-03-11 19:49:26.712805,2026-03-11 10:26:25.870127,False,,,,,,,,False,False,False,False,,,,,0,,2026-03-11 19:54:24.668853,True
ARCH,keep suppressed,no current preferred snapshot; last failure category NO_CANDLES; durable suppression provenance present,1,Coal,Metals & Mining,refresh_suppressed,False,,Suppression approved in Health review queue.,NO_CANDLES,3,4,2026-03-11 19:49:27.885318,2026-03-11 10:26:25.920100,False,,,,,,,,False,False,False,False,,,,,0,,2026-03-11 19:54:24.668853,True
ARNC,keep suppressed,no current preferred snapshot; last failure category NO_CANDLES; durable suppression provenance present,1,Aluminum,Metals & Mining,refresh_suppressed,False,,Suppression approved in Health review queue.,NO_CANDLES,3,4,2026-03-11 19:49:29.275410,2026-03-11 10:26:26.007650,False,,,,,,,,False,False,False,False,,,,,0,,2026-03-11 19:54:24.668853,True
ASTR,keep suppressed,no current preferred snapshot; last failure category NO_CANDLES; durable suppression provenance present,1,Space - Launch,Space & Aerospace,refresh_suppressed,False,,Suppression approved in Health review queue.,NO_CANDLES,3,4,2026-03-11 19:49:31.213635,2026-03-11 10:26:26.133157,False,,,,,,,,False,False,False,False,,,,,0,,2026-03-11 19:54:24.668853,True
AY,keep suppressed,no current preferred snapshot; last failure category NO_CANDLES; durable suppression provenance present,1,Utilities - Renewable,Utilities,refresh_suppressed,False,,Suppression approved in Health review queue.,NO_CANDLES,3,4,2026-03-11 19:49:35.383098,2026-03-11 10:26:26.393100,False,,,,,,,,False,False,False,False,,,,,0,,2026-03-11 19:54:24.668853,True
AYR,keep suppressed,no current preferred snapshot; last failure category NO_CANDLES; durable suppression provenance present,1,Aircraft Leasing,Space & Aerospace,refresh_suppressed,False,,Suppression approved in Health review queue.,NO_CANDLES,3,4,2026-03-11 19:49:35.482838,2026-03-11 10:26:26.405133,False,,,,,,,,False,False,False,False,,,,,0,,2026-03-11 19:54:24.668853,True
BANG,keep suppressed,no current preferred snapshot; last failure category NO_CANDLES; durable suppression provenance present,1,Beverages - Energy,Consumer - Food & Beverage,refresh_suppressed,False,,Suppression approved in Health review queue.,NO_CANDLES,3,4,2026-03-11 19:49:37.824992,2026-03-11 10:26:26.558747,False,,,,,,,,False,False,False,False,,,,,0,,2026-03-11 19:54:24.668853,True
BBIG,keep suppressed,calculation outlier suppression; durable suppression provenance present,1,Meme Stocks,Specialty Themes,refresh_suppressed,False,,Extreme 1W move (+525.0%) on low dollar volume (15). Review suppression from calculations.,CALC_OUTLIER,0,0,,2026-03-13 08:37:14.022979,True,2026-03-13 08:42:50.338155,39,2026-03-11 17:00:00,active_themes,0.005,2925.904761904762,14.62952380952381,False,True,False,False,,525.0,56.25,66.67,0,,,True
BIG,keep suppressed,no current preferred snapshot; last failure category NO_CANDLES; durable suppression provenance present,1,Retail - Discount,Consumer - Retail,refresh_suppressed,False,,Suppression approved in Health review queue.,NO_CANDLES,3,4,2026-03-11 19:49:43.796976,2026-03-11 10:26:26.894895,False,,,,,,,,False,False,False,False,,,,,0,,2026-03-11 19:54:24.668853,True
BLL,keep suppressed,no current preferred snapshot; last failure category NO_CANDLES; durable suppression provenance present,1,Packaging - Plastic & Metal,Materials & Chemicals,refresh_suppressed,False,,Suppression approved in Health review queue.,NO_CANDLES,3,4,2026-03-11 19:49:46.912866,2026-03-11 10:26:27.091598,False,,,,,,,,False,False,False,False,,,,,0,,2026-03-11 19:54:24.668853,True
BMWYY,keep suppressed,no current preferred snapshot; last failure category NO_CANDLES; durable suppression provenance present,1,Auto - Luxury,Autos & EV,refresh_suppressed,False,,Suppression approved in Health review queue.,NO_CANDLES,3,4,2026-03-11 19:49:48.021944,2026-03-11 10:26:27.165615,False,,,,,,,,False,False,False,False,,,,,0,,2026-03-11 19:54:24.668853,True
CCLP,keep suppressed,no current preferred snapshot; last failure category NO_CANDLES; durable suppression provenance present,1,Environmental Services,Industrials - Services,refresh_suppressed,False,,Suppression approved in Health review queue.,NO_CANDLES,3,4,2026-03-11 19:49:59.146424,2026-03-11 10:26:27.832587,False,,,,,,,,False,False,False,False,,,,,0,,2026-03-11 19:54:24.668853,True
CDEV,keep suppressed,no current preferred snapshot; last failure category NO_CANDLES; durable suppression provenance present,1,Oil - Permian Basin,Energy - Oil & Gas,refresh_suppressed,False,,Suppression approved in Health review queue.,NO_CANDLES,3,4,2026-03-11 19:50:00.374458,2026-03-11 10:26:27.882277,False,,,,,,,,False,False,False,False,,,,,0,,2026-03-11 19:54:24.668853,True
CEIX,keep suppressed,no current preferred snapshot; last failure category NO_CANDLES; durable suppression provenance present,1,Coal,Metals & Mining,refresh_suppressed,False,,Suppression approved in Health review queue.,NO_CANDLES,3,4,2026-03-11 19:50:01.474703,2026-03-11 10:26:27.954605,False,,,,,,,,False,False,False,False,,,,,0,,2026-03-11 19:54:24.668853,True
CFVI,keep suppressed,no current preferred snapshot; last failure category NO_CANDLES; durable suppression provenance present,1,SPACs,Specialty Themes,refresh_suppressed,False,,Suppression approved in Health review queue.,NO_CANDLES,3,4,2026-03-11 19:50:02.985592,2026-03-11 10:26:28.054636,False,,,,,,,,False,False,False,False,,,,,0,,2026-03-11 19:54:24.668853,True
CHK,keep suppressed,no current preferred snapshot; last failure category NO_CANDLES; durable suppression provenance present,1,Natural Gas - Producers,Energy - Oil & Gas,refresh_suppressed,False,,Suppression approved in Health review queue.,NO_CANDLES,3,4,2026-03-11 19:50:04.102751,2026-03-11 10:26:28.130172,False,,,,,,,,False,False,False,False,,,,,0,,2026-03-11 19:54:24.668853,True
CLVR,keep suppressed,calculation outlier suppression; durable suppression provenance present,1,Carbon & Environment,Energy - Clean,refresh_suppressed,False,,Low-price contributor (0.00) showing large return (-50.0% 1W) with weak liquidity (0 dollar volume).,CALC_OUTLIER,0,0,,2026-03-13 08:37:47.701832,True,2026-03-13 08:42:50.338155,39,2026-03-04 17:00:00,active_themes,0.0001,4574.666666666667,0.45746666666666674,False,True,False,False,,-50.0,0.0,,0,,,True
CNHI,keep suppressed,no current preferred snapshot; last failure category NO_CANDLES; durable suppression provenance present,3,"Agricultural Equipment, Agriculture - Equipment, Heavy Equipment","Commodities & Agriculture, Industrials - Machinery",refresh_suppressed,False,,Suppression approved in Health review queue.,NO_CANDLES,3,4,2026-03-11 19:50:10.843260,2026-03-11 10:26:28.510068,False,,,,,,,,False,False,False,False,,,,,0,,2026-03-11 19:54:24.668853,True
COG,keep suppressed,no current preferred snapshot; last failure category NO_CANDLES; durable suppression provenance present,1,Natural Gas - Producers,Energy - Oil & Gas,refresh_suppressed,False,,Suppression approved in Health review queue.,NO_CANDLES,3,4,2026-03-11 19:50:11.746079,2026-03-11 10:26:28.574532,False,,,,,,,,False,False,False,False,,,,,0,,2026-03-11 19:54:24.668853,True
CONE,keep suppressed,manual suppression: CONE.V; durable suppression provenance present,1,REITs - Data Centers,Financials - REITs,refresh_suppressed,True,CONE.V,CONE.V,NO_CANDLES,3,4,2026-03-11 19:50:13.051608,2026-03-11 10:26:28.662899,False,,,,,,,,False,False,False,False,,,,,0,,2026-03-11 19:54:24.668853,True
CONN,keep suppressed,no current preferred snapshot; last failure category NO_CANDLES; durable suppression provenance present,1,Retail - Electronics,Consumer - Retail,refresh_suppressed,False,,Suppression approved in Health review queue.,NO_CANDLES,3,4,2026-03-11 19:50:13.149625,2026-03-11 10:26:28.675163,False,,,,,,,,False,False,False,False,,,,,0,,2026-03-11 19:54:24.668853,True
CONSOL,keep suppressed,no current preferred snapshot; last failure category NO_CANDLES; durable suppression provenance present,1,Coal,Metals & Mining,refresh_suppressed,False,,Suppression approved in Health review queue.,NO_CANDLES,3,4,2026-03-11 19:50:13.248322,2026-03-11 10:26:28.688967,False,,,,,,,,False,False,False,False,,,,,0,,2026-03-11 19:54:24.668853,True
CPTN,keep suppressed,no current preferred snapshot; last failure category NO_CANDLES; durable suppression provenance present,2,"AI - Computer Vision, LIDAR","Artificial Intelligence, Autos & EV",refresh_suppressed,False,,Suppression approved in Health review queue.,NO_CANDLES,3,4,2026-03-11 19:50:16.368992,2026-03-11 10:26:28.889526,False,,,,,,,,False,False,False,False,,,,,0,,2026-03-11 19:54:24.668853,True
CRISPR,keep suppressed,manual suppression: CRSP; durable suppression provenance present,1,Biotech - Cell Therapy,Healthcare - Biotech,refresh_suppressed,True,CRSP,CRSP,NO_CANDLES,3,4,2026-03-11 19:50:16.665435,2026-03-11 10:26:28.914279,False,,,,,,,,False,False,False,False,,,,,0,,2026-03-11 19:54:24.668853,True
CRTX,keep suppressed,no current preferred snapshot; last failure category NO_CANDLES; durable suppression provenance present,1,Biotech - CNS,Healthcare - Biotech,refresh_suppressed,False,,Suppression approved in Health review queue.,NO_CANDLES,3,4,2026-03-11 19:50:18.336371,2026-03-11 10:26:29.029664,False,,,,,,,,False,False,False,False,,,,,0,,2026-03-11 19:54:24.668853,True
CS,keep suppressed,no current preferred snapshot; last failure category NO_CANDLES; durable suppression provenance present,1,Europe - Banks,International,refresh_suppressed,False,,Suppression approved in Health review queue.,NO_CANDLES,3,4,2026-03-11 19:50:18.837729,2026-03-11 10:26:29.066082,False,,,,,,,,False,False,False,False,,,,,0,,2026-03-11 19:54:24.668853,True
CTL,keep suppressed,no current preferred snapshot; last failure category NO_CANDLES; durable suppression provenance present,1,Telecom - Fiber,Telecom,refresh_suppressed,False,,Suppression approved in Health review queue.,NO_CANDLES,3,4,2026-03-11 19:50:19.714677,2026-03-11 10:26:29.126748,False,,,,,,,,False,False,False,False,,,,,0,,2026-03-11 19:54:24.668853,True
CTLT,keep suppressed,no current preferred snapshot; last failure category NO_CANDLES; durable suppression provenance present,1,CRO & CMO,Healthcare - Devices & Services,refresh_suppressed,False,,Suppression approved in Health review queue.,NO_CANDLES,3,4,2026-03-11 19:50:19.810245,2026-03-11 10:26:29.139812,False,,,,,,,,False,False,False,False,,,,,0,,2026-03-11 19:54:24.668853,True
CTXS,keep suppressed,manual suppression: Inactive; durable suppression provenance present,1,Cloud - Infrastructure,Technology - Software,refresh_suppressed,True,Inactive,Inactive,NO_CANDLES,3,4,2026-03-11 19:50:21.147158,2026-03-11 10:26:29.202376,False,,,,,,,,False,False,False,False,,,,,0,,2026-03-11 19:54:24.668853,True
DCP,keep suppressed,no current preferred snapshot; last failure category NO_CANDLES; durable suppression provenance present,1,Pipelines & Midstream,Energy - Oil & Gas,refresh_suppressed,False,,Suppression approved in Health review queue.,NO_CANDLES,3,4,2026-03-11 19:50:27.825837,2026-03-11 10:26:29.632155,False,,,,,,,,False,False,False,False,,,,,0,,2026-03-11 19:54:24.668853,True
DCRC,keep suppressed,no current preferred snapshot; last failure category NO_CANDLES; durable suppression provenance present,1,Energy Storage & Batteries,Energy - Clean,refresh_suppressed,False,,Suppression approved in Health review queue.,NO_CANDLES,3,4,2026-03-11 19:50:27.923379,2026-03-11 10:26:29.644517,False,,,,,,,,False,False,False,False,,,,,0,,2026-03-11 19:54:24.668853,True
DIDI,keep suppressed,no current preferred snapshot; last failure category NO_CANDLES; durable suppression provenance present,1,China Tech,International,refresh_suppressed,False,,Suppression approved in Health review queue.,NO_CANDLES,3,4,2026-03-11 19:50:31.739053,2026-03-11 10:26:29.852321,False,,,,,,,,False,False,False,False,,,,,0,,2026-03-11 19:54:24.668853,True
DLOCAL,keep suppressed,manual suppression: Not a ticker; durable suppression provenance present,1,Latin America - E-Commerce,International,refresh_suppressed,True,Not a ticker,Not a ticker,NO_CANDLES,3,4,2026-03-11 19:50:32.826350,2026-03-11 10:26:29.925687,False,,,,,,,,False,False,False,False,,,,,0,,2026-03-11 19:54:24.668853,True
DNKN,keep suppressed,no current preferred snapshot; last failure category NO_CANDLES; durable suppression provenance present,1,Restaurants - Coffee,Consumer - Restaurants,refresh_suppressed,False,,Suppression approved in Health review queue.,NO_CANDLES,3,4,2026-03-11 19:50:33.513928,2026-03-11 10:26:29.974921,False,,,,,,,,False,False,False,False,,,,,0,,2026-03-11 19:54:24.668853,True
DO,keep suppressed,no current preferred snapshot; last failure category NO_CANDLES; durable suppression provenance present,1,Oil - Offshore Drillers,Energy - Oil & Gas,refresh_suppressed,False,,Suppression approved in Health review queue.,NO_CANDLES,3,4,2026-03-11 19:50:33.806703,2026-03-11 10:26:29.999416,False,,,,,,,,False,False,False,False,,,,,0,,2026-03-11 19:54:24.668853,True
DOOR,keep suppressed,no current preferred snapshot; last failure category NO_CANDLES; durable suppression provenance present,1,Building Products,Real Estate - Non REIT,refresh_suppressed,False,,Suppression approved in Health review queue.,NO_CANDLES,3,4,2026-03-11 19:50:34.299131,2026-03-11 10:26:30.036463,False,,,,,,,,False,False,False,False,,,,,0,,2026-03-11 19:54:24.668853,True
DRNA,keep suppressed,no current preferred snapshot; last failure category NO_CANDLES; durable suppression provenance present,1,Biotech - Small Cap,Healthcare - Biotech,refresh_suppressed,False,,Suppression approved in Health review queue.,NO_CANDLES,3,4,2026-03-11 19:50:35.778297,2026-03-11 10:26:30.162923,False,,,,,,,,False,False,False,False,,,,,0,,2026-03-11 19:54:24.668853,True
DWAC,keep suppressed,no current preferred snapshot; last failure category NO_CANDLES; durable suppression provenance present,1,SPACs,Specialty Themes,refresh_suppressed,False,,Suppression approved in Health review queue.,NO_CANDLES,3,4,2026-03-11 19:50:38.470037,2026-03-11 10:26:30.339430,False,,,,,,,,False,False,False,False,,,,,0,,2026-03-11 19:54:24.668853,True
ECOL,keep suppressed,no current preferred snapshot; last failure category NO_CANDLES; durable suppression provenance present,2,"Environmental Services, Waste Management",Industrials - Services,refresh_suppressed,False,,Suppression approved in Health review queue.,NO_CANDLES,3,4,2026-03-11 19:50:39.961881,2026-03-11 10:26:30.436391,False,,,,,,,,False,False,False,False,,,,,0,,2026-03-11 19:54:24.668853,True
ENBL,keep suppressed,no current preferred snapshot; last failure category NO_CANDLES; durable suppression provenance present,1,Pipelines & Midstream,Energy - Oil & Gas,refresh_suppressed,False,,Suppression approved in Health review queue.,NO_CANDLES,3,4,2026-03-11 19:50:43.795199,2026-03-11 10:26:30.655873,False,,,,,,,,False,False,False,False,,,,,0,,2026-03-11 19:54:24.668853,True
EROS,keep suppressed,no current preferred snapshot; last failure category NO_CANDLES; durable suppression provenance present,1,Copper,Metals & Mining,refresh_suppressed,False,,Suppression approved in Health review queue.,NO_CANDLES,3,4,2026-03-11 19:50:46.924171,2026-03-11 10:26:30.862421,False,,,,,,,,False,False,False,False,,,,,0,,2026-03-11 19:54:24.668853,True
ESET,keep suppressed,no current preferred snapshot; last failure category NO_CANDLES; durable suppression provenance present,1,Cybersecurity - Endpoint,Technology - Software,refresh_suppressed,False,,Suppression approved in Health review queue.,NO_CANDLES,3,4,2026-03-11 19:50:47.231114,2026-03-11 10:26:30.886464,False,,,,,,,,False,False,False,False,,,,,0,,2026-03-11 19:54:24.668853,True
ESTE,keep suppressed,no current preferred snapshot; last failure category NO_CANDLES; durable suppression provenance present,1,Oil - Permian Basin,Energy - Oil & Gas,refresh_suppressed,False,,Suppression approved in Health review queue.,NO_CANDLES,3,4,2026-03-11 19:50:47.747923,2026-03-11 10:26:30.925347,False,,,,,,,,False,False,False,False,,,,,0,,2026-03-11 19:54:24.668853,True
EXAI,keep suppressed,no current preferred snapshot; last failure category NO_CANDLES; durable suppression provenance present,1,AI - Software,Artificial Intelligence,refresh_suppressed,False,,Suppression approved in Health review queue.,NO_CANDLES,4,5,2026-03-12 14:18:50.991322,2026-03-11 10:26:31.037649,False,,,,,,,,False,False,False,False,,,,,0,,2026-03-12 14:22:26.937178,True
EXN,keep suppressed,no current preferred snapshot; last failure category NO_CANDLES; durable suppression provenance present,1,Gold - Juniors,Metals & Mining,refresh_suppressed,False,,Suppression approved in Health review queue.,NO_CANDLES,3,4,2026-03-11 19:50:50.149395,2026-03-11 10:26:31.086132,False,,,,,,,,False,False,False,False,,,,,0,,2026-03-11 19:54:24.668853,True
EXPR,keep suppressed,no current preferred snapshot; last failure category NO_CANDLES; durable suppression provenance present,1,Retail - Specialty,Consumer - Retail,refresh_suppressed,False,,Suppression approved in Health review queue.,NO_CANDLES,3,4,2026-03-11 19:50:51.058183,2026-03-11 10:26:31.147586,False,,,,,,,,False,False,False,False,,,,,0,,2026-03-11 19:54:24.668853,True
FFIE,keep suppressed,no current preferred snapshot; last failure category NO_CANDLES; durable suppression provenance present,1,EV - Manufacturers,Autos & EV,refresh_suppressed,False,,Suppression approved in Health review queue.,NO_CANDLES,4,5,2026-03-12 14:18:55.371696,2026-03-11 10:26:31.336861,False,,,,,,,,False,False,False,False,,,,,0,,2026-03-12 14:22:26.937178,True
FIT,keep suppressed,no current preferred snapshot; last failure category NO_CANDLES; durable suppression provenance present,1,Wearables,Emerging Tech,refresh_suppressed,False,,Suppression approved in Health review queue.,NO_CANDLES,3,4,2026-03-11 19:50:55.376264,2026-03-11 10:26:31.399170,False,,,,,,,,False,False,False,False,,,,,0,,2026-03-11 19:54:24.668853,True
FLOR,keep suppressed,no current preferred snapshot; last failure category NO_CANDLES; durable suppression provenance present,1,Retail - Home Improvement,Consumer - Retail,refresh_suppressed,False,,Suppression approved in Health review queue.,NO_CANDLES,3,4,2026-03-11 19:50:56.473205,2026-03-11 10:26:31.472094,False,,,,,,,,False,False,False,False,,,,,0,,2026-03-11 19:54:24.668853,True
FM,keep suppressed,no current preferred snapshot; last failure category NO_CANDLES; durable suppression provenance present,1,Emerging Markets,International,refresh_suppressed,False,,Suppression approved in Health review queue.,NO_CANDLES,3,4,2026-03-11 19:50:57.185787,2026-03-11 10:26:31.522872,False,,,,,,,,False,False,False,False,,,,,0,,2026-03-11 19:54:24.668853,True
FORGEROCK,keep suppressed,manual suppression: Not a ticker; durable suppression provenance present,1,Cybersecurity - Identity,Technology - Software,refresh_suppressed,True,Not a ticker,Not a ticker,NO_CANDLES,3,4,2026-03-11 19:50:58.722777,2026-03-11 10:26:31.623395,False,,,,,,,,False,False,False,False,,,,,0,,2026-03-11 19:54:24.668853,True
FREYR,keep suppressed,no current preferred snapshot; last failure category NO_CANDLES; durable suppression provenance present,2,"EV - Batteries, Energy Storage & Batteries","Autos & EV, Energy - Clean",refresh_suppressed,False,,Suppression approved in Health review queue.,NO_CANDLES,4,5,2026-03-12 14:19:00.915544,2026-03-11 10:26:31.695431,False,,,,,,,,False,False,False,False,,,,,0,,2026-03-12 14:22:26.937178,True
FRGI,keep suppressed,no current preferred snapshot; last failure category NO_CANDLES; durable suppression provenance present,1,Fitness,Consumer - Leisure,refresh_suppressed,False,,Suppression approved in Health review queue.,NO_CANDLES,3,4,2026-03-11 19:50:59.915134,2026-03-11 10:26:31.707942,False,,,,,,,,False,False,False,False,,,,,0,,2026-03-11 19:54:24.668853,True
FSR,keep suppressed,no current preferred snapshot; last failure category NO_CANDLES; durable suppression provenance present,1,EV - Manufacturers,Autos & EV,refresh_suppressed,False,,Suppression approved in Health review queue.,NO_CANDLES,3,4,2026-03-11 19:51:01.224715,2026-03-11 10:26:31.809631,False,,,,,,,,False,False,False,False,,,,,0,,2026-03-11 19:54:24.668853,True
FTCH,keep suppressed,no current preferred snapshot; last failure category NO_CANDLES; durable suppression provenance present,1,Internet - Marketplace,Technology - Internet,refresh_suppressed,False,,Suppression approved in Health review queue.,NO_CANDLES,3,4,2026-03-11 19:51:01.322161,2026-03-11 10:26:31.831645,False,,,,,,,,False,False,False,False,,,,,0,,2026-03-11 19:54:24.668853,True
FTR,keep suppressed,no current preferred snapshot; last failure category NO_CANDLES; durable suppression provenance present,1,Telecom - Fiber,Telecom,refresh_suppressed,False,,Suppression approved in Health review queue.,NO_CANDLES,3,4,2026-03-11 19:51:02.025828,2026-03-11 10:26:31.881376,False,,,,,,,,False,False,False,False,,,,,0,,2026-03-11 19:54:24.668853,True
FTRP,keep suppressed,no current preferred snapshot; last failure category NO_CANDLES; durable suppression provenance present,1,Psychedelics,Specialty Themes,refresh_suppressed,False,,Suppression approved in Health review queue.,NO_CANDLES,3,4,2026-03-11 19:51:02.126052,2026-03-11 10:26:31.893569,False,,,,,,,,False,False,False,False,,,,,0,,2026-03-11 19:54:24.668853,True
GLEN,keep suppressed,no current preferred snapshot; last failure category NO_CANDLES; durable suppression provenance present,1,Nickel & Cobalt,Metals & Mining,refresh_suppressed,False,,Suppression approved in Health review queue.,NO_CANDLES,3,4,2026-03-11 19:51:07.507179,2026-03-11 10:26:32.206550,False,,,,,,,,False,False,False,False,,,,,0,,2026-03-11 19:54:24.668853,True
GLUU,keep suppressed,no current preferred snapshot; last failure category NO_CANDLES; durable suppression provenance present,1,Video Games,Technology - Internet,refresh_suppressed,False,,Suppression approved in Health review queue.,NO_CANDLES,3,4,2026-03-11 19:51:08.414671,2026-03-11 10:26:32.269465,False,,,,,,,,False,False,False,False,,,,,0,,2026-03-11 19:54:24.668853,True
GMLP,keep suppressed,no current preferred snapshot; last failure category NO_CANDLES; durable suppression provenance present,1,Oil - Offshore Services,Energy - Oil & Gas,refresh_suppressed,False,,Suppression approved in Health review queue.,NO_CANDLES,3,4,2026-03-11 19:51:09.148867,2026-03-11 10:26:32.318995,False,,,,,,,,False,False,False,False,,,,,0,,2026-03-11 19:54:24.668853,True
GOAT,keep suppressed,no current preferred snapshot; last failure category NO_CANDLES; durable suppression provenance present,1,Insurtech,Financials - Insurance,refresh_suppressed,False,,Suppression approved in Health review queue.,NO_CANDLES,3,4,2026-03-11 19:51:10.048404,2026-03-11 10:26:32.380936,False,,,,,,,,False,False,False,False,,,,,0,,2026-03-11 19:54:24.668853,True
GPL,keep suppressed,no current preferred snapshot; last failure category NO_CANDLES; durable suppression provenance present,2,"Gold - Juniors, Silver Miners",Metals & Mining,refresh_suppressed,False,,Suppression approved in Health review queue.,NO_CANDLES,3,4,2026-03-11 19:51:12.052255,2026-03-11 10:26:32.516353,False,,,,,,,,False,False,False,False,,,,,0,,2026-03-11 19:54:24.668853,True
GPS,keep suppressed,no current preferred snapshot; last failure category NO_CANDLES; durable suppression provenance present,1,Retail - Specialty,Consumer - Retail,refresh_suppressed,False,,Suppression approved in Health review queue.,NO_CANDLES,3,4,2026-03-11 19:51:12.565626,2026-03-11 10:26:32.556144,False,,,,,,,,False,False,False,False,,,,,0,,2026-03-11 19:54:24.668853,True
GRUB,keep suppressed,no current preferred snapshot; last failure category NO_CANDLES; durable suppression provenance present,1,Internet - Food Delivery,Technology - Internet,refresh_suppressed,False,,Suppression approved in Health review queue.,NO_CANDLES,3,4,2026-03-11 19:51:13.949347,2026-03-11 10:26:32.618055,False,,,,,,,,False,False,False,False,,,,,0,,2026-03-11 19:54:24.668853,True
HAYN,keep suppressed,no current preferred snapshot; last failure category NO_CANDLES; durable suppression provenance present,1,Mining Equipment,Industrials - Machinery,refresh_suppressed,False,,Suppression approved in Health review queue.,NO_CANDLES,3,4,2026-03-11 19:51:16.514543,2026-03-11 10:26:32.781165,False,,,,,,,,False,False,False,False,,,,,0,,2026-03-11 19:54:24.668853,True
HEAR,keep suppressed,no current preferred snapshot; last failure category NO_CANDLES; durable suppression provenance present,1,Wearables,Emerging Tech,refresh_suppressed,False,,Suppression approved in Health review queue.,NO_CANDLES,4,5,2026-03-12 14:19:17.936698,2026-03-11 10:26:32.880260,False,,,,,,,,False,False,False,False,,,,,0,,2026-03-12 14:22:26.937178,True
HFC,keep suppressed,no current preferred snapshot; last failure category NO_CANDLES; durable suppression provenance present,1,Oil - Refiners,Energy - Oil & Gas,refresh_suppressed,False,,Suppression approved in Health review queue.,NO_CANDLES,4,5,2026-03-12 14:19:18.230191,2026-03-11 10:26:32.904130,False,,,,,,,,False,False,False,False,,,,,0,,2026-03-12 14:22:26.937178,True
HIBB,keep suppressed,no current preferred snapshot; last failure category NO_CANDLES; durable suppression provenance present,1,Retail - Sporting Goods,Consumer - Retail,refresh_suppressed,False,,Suppression approved in Health review queue.,NO_CANDLES,4,5,2026-03-12 14:19:18.334514,2026-03-11 10:26:32.917545,False,,,,,,,,False,False,False,False,,,,,0,,2026-03-12 14:22:26.937178,True
HSKA,keep suppressed,no current preferred snapshot; last failure category NO_CANDLES; durable suppression provenance present,1,Animal Health,Healthcare - Devices & Services,refresh_suppressed,False,,Suppression approved in Health review queue.,NO_CANDLES,4,5,2026-03-12 14:19:23.507009,2026-03-11 10:26:33.212834,False,,,,,,,,False,False,False,False,,,,,0,,2026-03-12 14:22:26.937178,True
HTLF,keep suppressed,no current preferred snapshot; last failure category NO_CANDLES; durable suppression provenance present,1,Banks - Texas,Financials - Banks,refresh_suppressed,False,,Suppression approved in Health review queue.,NO_CANDLES,4,5,2026-03-12 14:19:24.414226,2026-03-11 10:26:33.277391,False,,,,,,,,False,False,False,False,,,,,0,,2026-03-12 14:22:26.937178,True
HUB.B,keep suppressed,no current preferred snapshot; last failure category NO_CANDLES; durable suppression provenance present,1,Consulting,Industrials - Services,refresh_suppressed,False,,Suppression approved in Health review queue.,NO_CANDLES,4,5,2026-03-12 14:19:24.512494,2026-03-11 10:26:33.289699,False,,,,,,,,False,False,False,False,,,,,0,,2026-03-12 14:22:26.937178,True
HYZON,keep suppressed,no current preferred snapshot; last failure category NO_CANDLES; durable suppression provenance present,2,"Clean Energy - Fuel Cells, Clean Energy - Hydrogen",Energy - Clean,refresh_suppressed,False,,Suppression approved in Health review queue.,NO_CANDLES,4,5,2026-03-12 14:19:25.986213,2026-03-11 10:26:33.391686,False,,,,,,,,False,False,False,False,,,,,0,,2026-03-12 14:22:26.937178,True
HZNP,keep suppressed,no current preferred snapshot; last failure category NO_CANDLES; durable suppression provenance present,2,"Biotech - Immunology, Pharma - Specialty","Healthcare - Biotech, Healthcare - Pharma",refresh_suppressed,False,,Suppression approved in Health review queue.,NO_CANDLES,4,5,2026-03-12 14:19:26.084019,2026-03-11 10:26:33.404439,False,,,,,,,,False,False,False,False,,,,,0,,2026-03-12 14:22:26.937178,True
IBTX,keep suppressed,no current preferred snapshot; last failure category NO_CANDLES; durable suppression provenance present,1,Banks - Texas,Financials - Banks,refresh_suppressed,False,,Suppression approved in Health review queue.,NO_CANDLES,4,5,2026-03-12 14:19:27.010005,2026-03-11 10:26:33.465324,False,,,,,,,,False,False,False,False,,,,,0,,2026-03-12 14:22:26.937178,True
ICPT,keep suppressed,no current preferred snapshot; last failure category NO_CANDLES; durable suppression provenance present,1,Biotech - Immunology,Healthcare - Biotech,refresh_suppressed,False,,Suppression approved in Health review queue.,NO_CANDLES,4,5,2026-03-12 14:19:27.705849,2026-03-11 10:26:33.517023,False,,,,,,,,False,False,False,False,,,,,0,,2026-03-12 14:22:26.937178,True
IDEX,keep suppressed,no current preferred snapshot; last failure category NO_CANDLES; durable suppression provenance present,1,Pumps & Valves,Industrials - Machinery,refresh_suppressed,False,,Suppression approved in Health review queue.,NO_CANDLES,4,5,2026-03-12 14:19:27.803935,2026-03-11 10:26:33.531068,False,,,,,,,,False,False,False,False,,,,,0,,2026-03-12 14:22:26.937178,True
INFN,keep suppressed,no current preferred snapshot; last failure category NO_CANDLES; durable suppression provenance present,2,"5G Infrastructure, AI - Edge Computing","Artificial Intelligence, Emerging Tech",refresh_suppressed,False,,Suppression approved in Health review queue.,NO_CANDLES,4,5,2026-03-12 14:19:31.789512,2026-03-11 10:26:33.748284,False,,,,,,,,False,False,False,False,,,,,0,,2026-03-12 14:22:26.937178,True
INVO,keep suppressed,no current preferred snapshot; last failure category NO_CANDLES; durable suppression provenance present,1,Women's Health,Healthcare - Specialty,refresh_suppressed,False,,Suppression approved in Health review queue.,NO_CANDLES,4,5,2026-03-12 14:19:33.286730,2026-03-11 10:26:33.845911,False,,,,,,,,False,False,False,False,,,,,0,,2026-03-12 14:22:26.937178,True
IPOF,keep suppressed,no current preferred snapshot; last failure category NO_CANDLES; durable suppression provenance present,1,SPACs,Specialty Themes,refresh_suppressed,False,,Suppression approved in Health review queue.,NO_CANDLES,4,5,2026-03-12 14:19:34.970509,2026-03-11 10:26:33.957320,False,,,,,,,,False,False,False,False,,,,,0,,2026-03-12 14:22:26.937178,True
IRBT,keep suppressed,manual suppression: IRBTQ; durable suppression provenance present,1,AI - Robotics,Artificial Intelligence,refresh_suppressed,True,IRBTQ,IRBTQ,CALC_OUTLIER,0,0,,2026-03-15 17:53:36.518193,True,2026-03-15 17:56:17.301575,37,2025-12-18 17:00:00,active_themes,0.4664,55543164.190476194,25905331.778438095,False,True,True,False,,-89.2,-71.73,-89.0,0,,,True
JCD,keep suppressed,no current preferred snapshot; last failure category NO_CANDLES; durable suppression provenance present,1,Advertising - Traditional,Media & Entertainment,refresh_suppressed,False,,Suppression approved in Health review queue.,NO_CANDLES,4,5,2026-03-12 14:19:39.675585,2026-03-11 10:26:34.251862,False,,,,,,,,False,False,False,False,,,,,0,,2026-03-12 14:22:26.937178,True
JCP,keep suppressed,no current preferred snapshot; last failure category NO_CANDLES; durable suppression provenance present,1,Retail - Department,Consumer - Retail,refresh_suppressed,False,,Suppression approved in Health review queue.,NO_CANDLES,4,5,2026-03-12 14:19:39.974768,2026-03-11 10:26:34.275469,False,,,,,,,,False,False,False,False,,,,,0,,2026-03-12 14:22:26.937178,True
JOY,keep suppressed,no current preferred snapshot; last failure category NO_CANDLES; durable suppression provenance present,1,Mining Equipment,Industrials - Machinery,refresh_suppressed,False,,Suppression approved in Health review queue.,NO_CANDLES,4,5,2026-03-12 14:19:41.964751,2026-03-11 10:26:34.372062,False,,,,,,,,False,False,False,False,,,,,0,,2026-03-12 14:22:26.937178,True
JUNO,keep suppressed,manual suppression: Inactive; durable suppression provenance present,1,Biotech - Cell Therapy,Healthcare - Biotech,refresh_suppressed,True,Inactive,Inactive,NO_CANDLES,4,5,2026-03-12 14:19:42.467134,2026-03-11 10:26:34.395467,False,,,,,,,,False,False,False,False,,,,,0,,2026-03-12 14:22:26.937178,True
KITE,keep suppressed,manual suppression: Inactive; durable suppression provenance present,1,Biotech - Cell Therapy,Healthcare - Biotech,refresh_suppressed,True,Inactive,Inactive,NO_CANDLES,4,5,2026-03-12 14:19:44.987988,2026-03-11 10:26:34.554871,False,,,,,,,,False,False,False,False,,,,,0,,2026-03-12 14:22:26.937178,True
KRTX,keep suppressed,no current preferred snapshot; last failure category NO_CANDLES; durable suppression provenance present,1,Biotech - Small Cap,Healthcare - Biotech,refresh_suppressed,False,,Suppression approved in Health review queue.,NO_CANDLES,4,5,2026-03-12 14:19:47.932149,2026-03-11 10:26:34.741219,False,,,,,,,,False,False,False,False,,,,,0,,2026-03-12 14:22:26.937178,True
LAZR,keep suppressed,manual suppression: LAZRQ; durable suppression provenance present,3,"AI - Computer Vision, Autonomous Vehicles, LIDAR","Artificial Intelligence, Autos & EV",refresh_suppressed,True,LAZRQ,LAZRQ,,0,0,,2026-03-22 11:01:59.553436,True,2026-03-22 11:04:32.700380,30,2025-12-22 17:00:00,active_themes,0.1884,59935322.047619045,11291814.673771428,False,True,False,False,,-39.81,-77.96,-91.51,0,,,True
LG,keep suppressed,no current preferred snapshot; last failure category NO_CANDLES; durable suppression provenance present,1,Korea,International,refresh_suppressed,False,,Suppression approved in Health review queue.,NO_CANDLES,4,5,2026-03-12 14:19:53.151265,2026-03-11 10:26:35.032943,False,,,,,,,,False,False,False,False,,,,,0,,2026-03-12 14:22:26.937178,True
LHCG,keep suppressed,no current preferred snapshot; last failure category NO_CANDLES; durable suppression provenance present,1,Home Health,Healthcare - Specialty,refresh_suppressed,False,,Suppression approved in Health review queue.,NO_CANDLES,4,5,2026-03-12 14:19:53.832978,2026-03-11 10:26:35.082090,False,,,,,,,,False,False,False,False,,,,,0,,2026-03-12 14:22:26.937178,True
LILM,keep suppressed,no current preferred snapshot; last failure category NO_CANDLES; durable suppression provenance present,1,Lithium,Metals & Mining,refresh_suppressed,False,,Suppression approved in Health review queue.,NO_CANDLES,4,5,2026-03-12 14:19:54.723259,2026-03-11 10:26:35.143972,False,,,,,,,,False,False,False,False,,,,,0,,2026-03-12 14:22:26.937178,True
LLNW,keep suppressed,no current preferred snapshot; last failure category NO_CANDLES; durable suppression provenance present,1,Edge Computing,Emerging Tech,refresh_suppressed,False,,Suppression approved in Health review queue.,NO_CANDLES,4,5,2026-03-12 14:19:55.431522,2026-03-11 10:26:35.193438,False,,,,,,,,False,False,False,False,,,,,0,,2026-03-12 14:22:26.937178,True
LMRK,keep suppressed,no current preferred snapshot; last failure category NO_CANDLES; durable suppression provenance present,1,Telecom - Infrastructure,Telecom,refresh_suppressed,False,,Suppression approved in Health review queue.,NO_CANDLES,4,5,2026-03-12 14:19:56.173683,2026-03-11 10:26:35.242193,False,,,,,,,,False,False,False,False,,,,,0,,2026-03-12 14:22:26.937178,True
LSDIF,keep suppressed,calculation outlier suppression; durable suppression provenance present,1,Cannabis,Specialty Themes,refresh_suppressed,False,,Low-price contributor (0.00) showing large return (-66.7% 1W) with weak liquidity (0 dollar volume).,CALC_OUTLIER,0,0,,2026-03-13 08:39:54.200935,True,2026-03-13 08:42:50.338155,39,2026-02-25 17:00:00,active_themes,0.0001,1297.7619047619048,0.1297761904761905,False,True,False,False,,-66.67,-66.67,,0,,,True
LSI,keep suppressed,no current preferred snapshot; last failure category NO_CANDLES; durable suppression provenance present,1,REITs - Storage,Financials - REITs,refresh_suppressed,False,,Suppression approved in Health review queue.,NO_CANDLES,4,5,2026-03-12 14:19:58.933586,2026-03-11 10:26:35.413816,False,,,,,,,,False,False,False,False,,,,,0,,2026-03-12 14:22:26.937178,True
LTHM,keep suppressed,no current preferred snapshot; last failure category NO_CANDLES; durable suppression provenance present,1,Lithium,Metals & Mining,refresh_suppressed,False,,Suppression approved in Health review queue.,NO_CANDLES,4,5,2026-03-12 14:19:59.436948,2026-03-11 10:26:35.450655,False,,,,,,,,False,False,False,False,,,,,0,,2026-03-12 14:22:26.937178,True
LVGO,keep suppressed,manual suppression: Inactive; durable suppression provenance present,1,Behavioral Health,Healthcare - Specialty,refresh_suppressed,True,Inactive,Inactive,NO_CANDLES,4,5,2026-03-12 14:20:00.543622,2026-03-11 10:26:35.525006,False,,,,,,,,False,False,False,False,,,,,0,,2026-03-12 14:22:26.937178,True
MANT,keep suppressed,manual suppression: Delist; durable suppression provenance present,3,"Defense - Cybersecurity, Defense - Electronics, Defense - Services",Defense,refresh_suppressed,True,Delist,Delist,NO_CANDLES,4,5,2026-03-12 14:20:03.492944,2026-03-11 10:26:35.689080,False,,,,,,,,False,False,False,False,,,,,0,,2026-03-12 14:22:26.937178,True
MAXR,keep suppressed,no current preferred snapshot; last failure category NO_CANDLES; durable suppression provenance present,1,Space - Earth Observation,Space & Aerospace,refresh_suppressed,False,,Suppression approved in Health review queue.,NO_CANDLES,4,5,2026-03-12 14:20:05.152125,2026-03-11 10:26:35.798725,False,,,,,,,,False,False,False,False,,,,,0,,2026-03-12 14:22:26.937178,True
ME,keep suppressed,calculation outlier suppression; durable suppression provenance present,1,Diagnostics & Labs,Healthcare - Devices & Services,refresh_suppressed,False,,"Low-price contributor (0.61) showing large return (-66.1% 1W) with weak liquidity (13,575,451 dollar volume).",CALC_OUTLIER,0,0,,2026-03-15 17:54:06.916952,True,2026-03-15 17:56:17.301575,37,2025-03-27 17:00:00,active_themes,0.6063,22390649.7,13575450.91311,False,True,False,False,,-66.13,,,0,,,True
MILE,keep suppressed,no current preferred snapshot; last failure category NO_CANDLES; durable suppression provenance present,1,Insurtech,Financials - Insurance,refresh_suppressed,False,,Suppression approved in Health review queue.,NO_CANDLES,4,5,2026-03-12 14:20:09.787882,2026-03-11 10:26:36.082917,False,,,,,,,,False,False,False,False,,,,,0,,2026-03-12 14:22:26.937178,True
MMX,keep suppressed,no current preferred snapshot; last failure category NO_CANDLES; durable suppression provenance present,1,Gold - Royalty,Metals & Mining,refresh_suppressed,False,,Suppression approved in Health review queue.,NO_CANDLES,4,5,2026-03-12 14:20:11.070167,2026-03-11 10:26:36.168942,False,,,,,,,,False,False,False,False,,,,,0,,2026-03-12 14:22:26.937178,True
MONC,keep suppressed,no current preferred snapshot; last failure category NO_CANDLES; durable suppression provenance present,1,Europe - Luxury,International,refresh_suppressed,False,,Suppression approved in Health review queue.,NO_CANDLES,4,5,2026-03-12 14:20:12.768888,2026-03-11 10:26:36.294196,False,,,,,,,,False,False,False,False,,,,,0,,2026-03-12 14:22:26.937178,True
MRO,keep suppressed,no current preferred snapshot; last failure category NO_CANDLES; durable suppression provenance present,2,"Oil - E&P, Oil - Large Cap",Energy - Oil & Gas,refresh_suppressed,False,,Suppression approved in Health review queue.,NO_CANDLES,4,5,2026-03-12 14:20:15.496980,2026-03-11 10:26:36.441395,False,,,,,,,,False,False,False,False,,,,,0,,2026-03-12 14:22:26.937178,True
MSG,keep suppressed,no current preferred snapshot; last failure category NO_CANDLES; durable suppression provenance present,2,"Live Entertainment, Media - Sports",Media & Entertainment,refresh_suppressed,False,,Suppression approved in Health review queue.,NO_CANDLES,4,5,2026-03-12 14:20:16.650128,2026-03-11 10:26:36.515181,False,,,,,,,,False,False,False,False,,,,,0,,2026-03-12 14:22:26.937178,True
MTOR,keep suppressed,manual suppression: Delist; durable suppression provenance present,1,Auto Parts,Autos & EV,refresh_suppressed,True,Delist,Delist,NO_CANDLES,4,5,2026-03-12 14:20:20.382415,2026-03-11 10:26:36.690307,False,,,,,,,,False,False,False,False,,,,,0,,2026-03-12 14:22:26.937178,True
MYL,keep suppressed,no current preferred snapshot; last failure category NO_CANDLES; durable suppression provenance present,1,Pharma - Generic,Healthcare - Pharma,refresh_suppressed,False,,Suppression approved in Health review queue.,NO_CANDLES,4,5,2026-03-12 14:20:21.682683,2026-03-11 10:26:36.776334,False,,,,,,,,False,False,False,False,,,,,0,,2026-03-12 14:22:26.937178,True
NAV,keep suppressed,no current preferred snapshot; last failure category NO_CANDLES; durable suppression provenance present,1,Trucks & RV,Autos & EV,refresh_suppressed,False,,Suppression approved in Health review queue.,NO_CANDLES,4,5,2026-03-12 14:20:21.786005,2026-03-11 10:26:36.788134,False,,,,,,,,False,False,False,False,,,,,0,,2026-03-12 14:22:26.937178,True
NEWR,keep suppressed,manual suppression: Inactive; durable suppression provenance present,1,Cloud - DevOps,Technology - Software,refresh_suppressed,True,Inactive,Inactive,NO_CANDLES,4,5,2026-03-12 14:20:24.326273,2026-03-11 10:26:36.949339,False,,,,,,,,False,False,False,False,,,,,0,,2026-03-12 14:22:26.937178,True
NKLA,keep suppressed,no current preferred snapshot; last failure category NO_CANDLES; durable suppression provenance present,1,Clean Energy - Hydrogen,Energy - Clean,refresh_suppressed,False,,Suppression approved in Health review queue.,NO_CANDLES,4,5,2026-03-12 14:20:27.991609,2026-03-11 10:26:37.084450,False,,,,,,,,False,False,False,False,,,,,0,,2026-03-12 14:22:26.937178,True
NLS,keep suppressed,no current preferred snapshot; last failure category NO_CANDLES; durable suppression provenance present,1,Fitness,Consumer - Leisure,refresh_suppressed,False,,Suppression approved in Health review queue.,NO_CANDLES,4,5,2026-03-12 14:20:28.088647,2026-03-11 10:26:37.096615,False,,,,,,,,False,False,False,False,,,,,0,,2026-03-12 14:22:26.937178,True
NOVA,keep suppressed,manual suppression: NOVAQ; durable suppression provenance present,1,Solar - Residential,Energy - Clean,refresh_suppressed,True,NOVAQ,NOVAQ,,0,0,,2026-03-22 11:02:36.490046,True,2026-03-22 11:04:32.700380,30,2025-06-05 17:00:00,active_themes,0.2202,6248241.428571428,1375862.7625714284,False,True,False,False,,1.29,17.75,,0,,,True
NTT,keep suppressed,no current preferred snapshot; last failure category NO_CANDLES; durable suppression provenance present,1,Japan,International,refresh_suppressed,False,,Suppression approved in Health review queue.,NO_CANDLES,4,5,2026-03-12 14:20:32.806215,2026-03-11 10:26:37.378581,False,,,,,,,,False,False,False,False,,,,,0,,2026-03-12 14:22:26.937178,True
NUVA,keep suppressed,no current preferred snapshot; last failure category NO_CANDLES; durable suppression provenance present,1,Medical Devices - Ortho,Healthcare - Devices & Services,refresh_suppressed,False,,Suppression approved in Health review queue.,NO_CANDLES,4,5,2026-03-12 14:20:33.300546,2026-03-11 10:26:37.415309,False,,,,,,,,False,False,False,False,,,,,0,,2026-03-12 14:22:26.937178,True
NYCB,keep suppressed,no current preferred snapshot; last failure category NO_CANDLES; durable suppression provenance present,1,Banks - Northeast,Financials - Banks,refresh_suppressed,False,,Suppression approved in Health review queue.,NO_CANDLES,4,5,2026-03-12 14:20:35.617336,2026-03-11 10:26:37.562899,False,,,,,,,,False,False,False,False,,,,,0,,2026-03-12 14:22:26.937178,True
OFC,keep suppressed,no current preferred snapshot; last failure category NO_CANDLES; durable suppression provenance present,1,REITs - Office,Financials - REITs,refresh_suppressed,False,,Suppression approved in Health review queue.,NO_CANDLES,4,5,2026-03-12 14:20:36.971247,2026-03-11 10:26:37.624144,False,,,,,,,,False,False,False,False,,,,,0,,2026-03-12 14:22:26.937178,True
ONEM,keep suppressed,no current preferred snapshot; last failure category NO_CANDLES; durable suppression provenance present,1,Healthcare IT,Healthcare - Devices & Services,refresh_suppressed,False,,Suppression approved in Health review queue.,NO_CANDLES,4,5,2026-03-12 14:20:39.667147,2026-03-11 10:26:37.793094,False,,,,,,,,False,False,False,False,,,,,0,,2026-03-12 14:22:26.937178,True
PACD,keep suppressed,no current preferred snapshot; last failure category NO_CANDLES; durable suppression provenance present,1,Oil - Offshore Drillers,Energy - Oil & Gas,refresh_suppressed,False,,Suppression approved in Health review queue.,NO_CANDLES,4,5,2026-03-12 14:20:42.780688,2026-03-11 10:26:37.995060,False,,,,,,,,False,False,False,False,,,,,0,,2026-03-12 14:22:26.937178,True
PACW,keep suppressed,no current preferred snapshot; last failure category NO_CANDLES; durable suppression provenance present,2,"Banks - Community, Banks - West",Financials - Banks,refresh_suppressed,False,,Suppression approved in Health review queue.,NO_CANDLES,4,5,2026-03-12 14:20:42.878569,2026-03-11 10:26:38.008140,False,,,,,,,,False,False,False,False,,,,,0,,2026-03-12 14:22:26.937178,True
PDCE,keep suppressed,no current preferred snapshot; last failure category NO_CANDLES; durable suppression provenance present,1,Oil - E&P,Energy - Oil & Gas,refresh_suppressed,False,,Suppression approved in Health review queue.,NO_CANDLES,4,5,2026-03-12 14:20:45.827315,2026-03-11 10:26:38.220246,False,,,,,,,,False,False,False,False,,,,,0,,2026-03-12 14:22:26.937178,True
PEAK,keep suppressed,no current preferred snapshot; last failure category NO_CANDLES; durable suppression provenance present,1,REITs - Healthcare,Financials - REITs,refresh_suppressed,False,,Suppression approved in Health review queue.,NO_CANDLES,4,5,2026-03-12 14:20:46.316404,2026-03-11 10:26:38.257714,False,,,,,,,,False,False,False,False,,,,,0,,2026-03-12 14:22:26.937178,True
PEET,keep suppressed,no current preferred snapshot; last failure category NO_CANDLES; durable suppression provenance present,1,Restaurants - Coffee,Consumer - Restaurants,refresh_suppressed,False,,Suppression approved in Health review queue.,NO_CANDLES,4,5,2026-03-12 14:20:46.618618,2026-03-11 10:26:38.281835,False,,,,,,,,False,False,False,False,,,,,0,,2026-03-12 14:22:26.937178,True
PEIX,keep suppressed,no current preferred snapshot; last failure category NO_CANDLES; durable suppression provenance present,1,Biofuels & Ethanol,Energy - Clean,refresh_suppressed,False,,Suppression approved in Health review queue.,NO_CANDLES,4,5,2026-03-12 14:20:47.390315,2026-03-11 10:26:38.306241,False,,,,,,,,False,False,False,False,,,,,0,,2026-03-12 14:22:26.937178,True
PET,keep suppressed,calculation outlier suppression; durable suppression provenance present,2,"Animal Health, Retail - Pet","Consumer - Retail, Healthcare - Devices & Services",refresh_suppressed,False,,"Low-price contributor (0.05) showing large return (-60.4% 1W) with weak liquidity (944,268 dollar volume).",CALC_OUTLIER,0,0,,2026-03-22 11:02:53.172537,True,2026-03-22 11:04:32.700380,30,2025-07-28 17:00:00,active_themes,0.0469,20133643.38095238,944267.8745666665,False,True,False,False,,-60.39,-55.33,-71.52,0,,,True
PING,keep suppressed,manual suppression: Inactive; durable suppression provenance present,1,Cloud - DevOps,Technology - Software,refresh_suppressed,True,Inactive,Inactive,NO_CANDLES,4,5,2026-03-12 14:20:49.904147,2026-03-11 10:26:38.464930,False,,,,,,,,False,False,False,False,,,,,0,,2026-03-12 14:22:26.937178,True
POSH,keep suppressed,no current preferred snapshot; last failure category NO_CANDLES; durable suppression provenance present,1,Internet - Marketplace,Technology - Internet,refresh_suppressed,False,,Suppression approved in Health review queue.,NO_CANDLES,4,5,2026-03-12 14:20:53.767625,2026-03-11 10:26:38.734289,False,,,,,,,,False,False,False,False,,,,,0,,2026-03-12 14:22:26.937178,True
PSTH,keep suppressed,no current preferred snapshot; last failure category NO_CANDLES; durable suppression provenance present,1,SPACs,Specialty Themes,refresh_suppressed,False,,Suppression approved in Health review queue.,NO_CANDLES,4,5,2026-03-12 14:20:58.198903,2026-03-11 10:26:38.984828,False,,,,,,,,False,False,False,False,,,,,0,,2026-03-12 14:22:26.937178,True
PXD,keep suppressed,no current preferred snapshot; last failure category NO_CANDLES; durable suppression provenance present,3,"Oil - E&P, Oil - Large Cap, Oil - Permian Basin",Energy - Oil & Gas,refresh_suppressed,False,,Suppression approved in Health review queue.,NO_CANDLES,4,5,2026-03-12 14:20:59.676820,2026-03-11 10:26:39.086030,False,,,,,,,,False,False,False,False,,,,,0,,2026-03-12 14:22:26.937178,True
QTS,keep suppressed,manual suppression: Invalid; durable suppression provenance present,1,REITs - Data Centers,Financials - REITs,refresh_suppressed,True,Invalid,Invalid,NO_CANDLES,4,5,2026-03-12 14:21:01.607601,2026-03-11 10:26:39.234008,False,,,,,,,,False,False,False,False,,,,,0,,2026-03-12 14:22:26.937178,True
RAD,keep suppressed,no current preferred snapshot; last failure category NO_CANDLES; durable suppression provenance present,1,Retail - Drug,Consumer - Retail,refresh_suppressed,False,,Suppression approved in Health review queue.,NO_CANDLES,4,5,2026-03-12 14:21:02.305509,2026-03-11 10:26:39.283094,False,,,,,,,,False,False,False,False,,,,,0,,2026-03-12 14:22:26.937178,True
REGI,keep suppressed,no current preferred snapshot; last failure category NO_CANDLES; durable suppression provenance present,1,Biofuels & Ethanol,Energy - Clean,refresh_suppressed,False,,Suppression approved in Health review queue.,NO_CANDLES,4,5,2026-03-12 14:21:04.594555,2026-03-11 10:26:39.434603,False,,,,,,,,False,False,False,False,,,,,0,,2026-03-12 14:22:26.937178,True
RETA,keep suppressed,no current preferred snapshot; last failure category NO_CANDLES; durable suppression provenance present,1,Biotech - Small Cap,Healthcare - Biotech,refresh_suppressed,False,,Suppression approved in Health review queue.,NO_CANDLES,4,5,2026-03-12 14:21:05.106065,2026-03-11 10:26:39.471221,False,,,,,,,,False,False,False,False,,,,,0,,2026-03-12 14:22:26.937178,True
RIDE,keep suppressed,no current preferred snapshot; last failure category NO_CANDLES; durable suppression provenance present,1,EV - Manufacturers,Autos & EV,refresh_suppressed,False,,Suppression approved in Health review queue.,NO_CANDLES,4,5,2026-03-12 14:21:07.467806,2026-03-11 10:26:39.622371,False,,,,,,,,False,False,False,False,,,,,0,,2026-03-12 14:22:26.937178,True
RMS,keep suppressed,no current preferred snapshot; last failure category NO_CANDLES; durable suppression provenance present,2,"Europe - Luxury, Luxury & Apparel","Consumer - Leisure, International",refresh_suppressed,False,,Suppression approved in Health review queue.,NO_CANDLES,4,5,2026-03-12 14:21:10.204309,2026-03-11 10:26:39.771726,False,,,,,,,,False,False,False,False,,,,,0,,2026-03-12 14:22:26.937178,True
ROIC,keep suppressed,no current preferred snapshot; last failure category NO_CANDLES; durable suppression provenance present,1,REITs - Retail,Financials - REITs,refresh_suppressed,False,,Suppression approved in Health review queue.,NO_CANDLES,4,5,2026-03-12 14:21:10.496290,2026-03-11 10:26:39.796845,False,,,,,,,,False,False,False,False,,,,,0,,2026-03-12 14:22:26.937178,True
RUTH,keep suppressed,no current preferred snapshot; last failure category NO_CANDLES; durable suppression provenance present,1,Restaurants - Casual Dining,Consumer - Restaurants,refresh_suppressed,False,,Suppression approved in Health review queue.,NO_CANDLES,4,5,2026-03-12 14:21:13.998325,2026-03-11 10:26:40.020737,False,,,,,,,,False,False,False,False,,,,,0,,2026-03-12 14:22:26.937178,True
RXN,keep suppressed,no current preferred snapshot; last failure category NO_CANDLES; durable suppression provenance present,1,Pumps & Valves,Industrials - Machinery,refresh_suppressed,False,,Suppression approved in Health review queue.,NO_CANDLES,4,5,2026-03-12 14:21:14.115607,2026-03-11 10:26:40.033162,False,,,,,,,,False,False,False,False,,,,,0,,2026-03-12 14:22:26.937178,True
SAMSUNG,keep suppressed,manual suppression: Not a ticker; durable suppression provenance present,1,Korea,International,refresh_suppressed,True,Not a ticker,Not a ticker,NO_CANDLES,4,5,2026-03-12 14:21:16.148459,2026-03-11 10:26:40.173543,False,,,,,,,,False,False,False,False,,,,,0,,2026-03-12 14:22:26.937178,True
SAVE,keep suppressed,no current preferred snapshot; last failure category NO_CANDLES; durable suppression provenance present,1,Airlines - LCC,Industrials - Transport,refresh_suppressed,False,,Suppression approved in Health review queue.,NO_CANDLES,4,5,2026-03-12 14:21:17.026873,2026-03-11 10:26:40.238082,False,,,,,,,,False,False,False,False,,,,,0,,2026-03-12 14:22:26.937178,True
SBE,keep suppressed,no current preferred snapshot; last failure category NO_CANDLES; durable suppression provenance present,1,EV - Charging,Autos & EV,refresh_suppressed,False,,Suppression approved in Health review queue.,NO_CANDLES,4,5,2026-03-12 14:21:17.701864,2026-03-11 10:26:40.291236,False,,,,,,,,False,False,False,False,,,,,0,,2026-03-12 14:22:26.937178,True
SCWX,keep suppressed,no current preferred snapshot; last failure category NO_CANDLES; durable suppression provenance present,1,Cybersecurity - Identity,Technology - Software,refresh_suppressed,False,,Suppression approved in Health review queue.,NO_CANDLES,4,5,2026-03-12 14:21:20.032356,2026-03-11 10:26:40.420284,False,,,,,,,,False,False,False,False,,,,,0,,2026-03-12 14:22:26.937178,True
SDC,keep suppressed,no current preferred snapshot; last failure category NO_CANDLES; durable suppression provenance present,1,Dental,Healthcare - Devices & Services,refresh_suppressed,False,,Suppression approved in Health review queue.,NO_CANDLES,4,5,2026-03-12 14:21:20.128273,2026-03-11 10:26:40.432510,False,,,,,,,,False,False,False,False,,,,,0,,2026-03-12 14:22:26.937178,True
SEAS,keep suppressed,no current preferred snapshot; last failure category NO_CANDLES; durable suppression provenance present,1,Theme Parks,Consumer - Leisure,refresh_suppressed,False,,Suppression approved in Health review queue.,NO_CANDLES,4,5,2026-03-12 14:21:20.614769,2026-03-11 10:26:40.468421,False,,,,,,,,False,False,False,False,,,,,0,,2026-03-12 14:22:26.937178,True
SGEN,keep suppressed,no current preferred snapshot; last failure category NO_CANDLES; durable suppression provenance present,5,"Biotech - CNS, Biotech - Immunology, Biotech - Large, Biotech - Oncology, Biotech - Rare Disease",Healthcare - Biotech,refresh_suppressed,False,,Suppression approved in Health review queue.,NO_CANDLES,4,5,2026-03-12 14:21:21.698297,2026-03-11 10:26:40.542403,False,,,,,,,,False,False,False,False,,,,,0,,2026-03-12 14:22:26.937178,True
SGS,keep suppressed,no current preferred snapshot; last failure category NO_CANDLES; durable suppression provenance present,1,Testing & Inspection,Industrials - Services,refresh_suppressed,False,,Suppression approved in Health review queue.,NO_CANDLES,4,5,2026-03-12 14:21:22.472480,2026-03-11 10:26:40.590701,False,,,,,,,,False,False,False,False,,,,,0,,2026-03-12 14:22:26.937178,True
SI,keep suppressed,manual suppression: Delist; durable suppression provenance present,1,Crypto & Bitcoin,Financials - Other,refresh_suppressed,True,Delist,Delist,,0,0,,2026-03-22 11:03:29.415829,True,2026-03-22 11:04:32.700380,30,2026-03-19 17:00:00,active_themes,14.3,113630.61344161905,1624917.7722151524,True,True,False,False,,-3.51,7.28,-6.23,0,,,True
SILV,keep suppressed,no current preferred snapshot; last failure category NO_CANDLES; durable suppression provenance present,1,Silver Miners,Metals & Mining,refresh_suppressed,False,,Suppression approved in Health review queue.,NO_CANDLES,4,5,2026-03-12 14:21:25.288617,2026-03-11 10:26:40.759094,False,,,,,,,,False,False,False,False,,,,,0,,2026-03-12 14:22:26.937178,True
SIX,keep suppressed,no current preferred snapshot; last failure category NO_CANDLES; durable suppression provenance present,2,"Live Entertainment, Theme Parks","Consumer - Leisure, Media & Entertainment",refresh_suppressed,False,,Suppression approved in Health review queue.,NO_CANDLES,4,5,2026-03-12 14:21:25.967788,2026-03-11 10:26:40.808960,False,,,,,,,,False,False,False,False,,,,,0,,2026-03-12 14:22:26.937178,True
SPLK,keep suppressed,manual suppression: Inactive; durable suppression provenance present,1,Cloud - DevOps,Technology - Software,refresh_suppressed,True,Inactive,Inactive,NO_CANDLES,4,5,2026-03-12 14:21:32.630589,2026-03-11 10:26:41.221423,False,,,,,,,,False,False,False,False,,,,,0,,2026-03-12 14:22:26.937178,True
SQ,keep suppressed,manual suppression: XYZ; durable suppression provenance present,4,"ARK Holdings, Fintech - Payments, Growth - High, Software - SMB","Factor Themes, Financials - Other, Specialty Themes, Technology - Software",refresh_suppressed,True,XYZ,XYZ,NO_CANDLES,4,5,2026-03-12 14:21:33.519685,2026-03-11 10:26:41.283700,False,,,,,,,,False,False,False,False,,,,,0,,2026-03-12 14:22:26.937178,True
SRC,keep suppressed,no current preferred snapshot; last failure category NO_CANDLES; durable suppression provenance present,1,REITs - Net Lease,Financials - REITs,refresh_suppressed,False,,Suppression approved in Health review queue.,NO_CANDLES,4,5,2026-03-12 14:21:33.806284,2026-03-11 10:26:41.308823,False,,,,,,,,False,False,False,False,,,,,0,,2026-03-12 14:22:26.937178,True
SRCL,keep suppressed,no current preferred snapshot; last failure category NO_CANDLES; durable suppression provenance present,2,"Environmental Services, Waste Management",Industrials - Services,refresh_suppressed,False,,Suppression approved in Health review queue.,NO_CANDLES,4,5,2026-03-12 14:21:33.907318,2026-03-11 10:26:41.321142,False,,,,,,,,False,False,False,False,,,,,0,,2026-03-12 14:22:26.937178,True
STAY,keep suppressed,no current preferred snapshot; last failure category NO_CANDLES; durable suppression provenance present,1,Hotels & Lodging,Consumer - Leisure,refresh_suppressed,False,,Suppression approved in Health review queue.,NO_CANDLES,4,5,2026-03-12 14:21:35.196371,2026-03-11 10:26:41.407352,False,,,,,,,,False,False,False,False,,,,,0,,2026-03-12 14:22:26.937178,True
STON,keep suppressed,no current preferred snapshot; last failure category NO_CANDLES; durable suppression provenance present,1,Funeral & Death Care,Specialty Themes,refresh_suppressed,False,,Suppression approved in Health review queue.,NO_CANDLES,4,5,2026-03-12 14:21:36.083294,2026-03-11 10:26:41.471615,False,,,,,,,,False,False,False,False,,,,,0,,2026-03-12 14:22:26.937178,True
STOR,keep suppressed,no current preferred snapshot; last failure category NO_CANDLES; durable suppression provenance present,1,REITs - Net Lease,Financials - REITs,refresh_suppressed,False,,Suppression approved in Health review queue.,NO_CANDLES,4,5,2026-03-12 14:21:36.179246,2026-03-11 10:26:41.484456,False,,,,,,,,False,False,False,False,,,,,0,,2026-03-12 14:22:26.937178,True
SUM,keep suppressed,no current preferred snapshot; last failure category NO_CANDLES; durable suppression provenance present,1,Building Materials,Materials & Chemicals,refresh_suppressed,False,,Suppression approved in Health review queue.,NO_CANDLES,4,5,2026-03-12 14:21:37.477091,2026-03-11 10:26:41.573313,False,,,,,,,,False,False,False,False,,,,,0,,2026-03-12 14:22:26.937178,True
SUNW,keep suppressed,no current preferred snapshot; last failure category NO_CANDLES; durable suppression provenance present,1,Solar - Residential,Energy - Clean,refresh_suppressed,False,,Suppression approved in Health review queue.,NO_CANDLES,4,5,2026-03-12 14:21:37.575065,2026-03-11 10:26:41.585737,False,,,,,,,,False,False,False,False,,,,,0,,2026-03-12 14:22:26.937178,True
SWN,keep suppressed,no current preferred snapshot; last failure category NO_CANDLES; durable suppression provenance present,1,Natural Gas - Producers,Energy - Oil & Gas,refresh_suppressed,False,,Suppression approved in Health review queue.,NO_CANDLES,4,5,2026-03-12 14:21:38.650153,2026-03-11 10:26:41.659240,False,,,,,,,,False,False,False,False,,,,,0,,2026-03-12 14:22:26.937178,True
TECO,keep suppressed,no current preferred snapshot; last failure category NO_CANDLES; durable suppression provenance present,1,Carbon & Environment,Energy - Clean,refresh_suppressed,False,,Suppression approved in Health review queue.,NO_CANDLES,4,5,2026-03-12 14:21:43.433803,2026-03-11 10:26:41.932715,False,,,,,,,,False,False,False,False,,,,,0,,2026-03-12 14:22:26.937178,True
TELL,keep suppressed,no current preferred snapshot; last failure category NO_CANDLES; durable suppression provenance present,1,Natural Gas - LNG,Energy - Oil & Gas,refresh_suppressed,False,,Suppression approved in Health review queue.,NO_CANDLES,4,5,2026-03-12 14:21:43.533280,2026-03-11 10:26:41.945196,False,,,,,,,,False,False,False,False,,,,,0,,2026-03-12 14:22:26.937178,True
TKWY,keep suppressed,no current preferred snapshot; last failure category NO_CANDLES; durable suppression provenance present,1,Internet - Food Delivery,Technology - Internet,refresh_suppressed,False,,Suppression approved in Health review queue.,NO_CANDLES,4,5,2026-03-12 14:21:46.684360,2026-03-11 10:26:42.143971,False,,,,,,,,False,False,False,False,,,,,0,,2026-03-12 14:22:26.937178,True
TPRE,keep suppressed,no current preferred snapshot; last failure category NO_CANDLES; durable suppression provenance present,1,Insurance - Reinsurance,Financials - Insurance,refresh_suppressed,False,,Suppression approved in Health review queue.,NO_CANDLES,4,5,2026-03-12 14:21:50.450323,2026-03-11 10:26:42.349223,False,,,,,,,,False,False,False,False,,,,,0,,2026-03-12 14:22:26.937178,True
TRNC,keep suppressed,no current preferred snapshot; last failure category NO_CANDLES; durable suppression provenance present,1,Media - Publishing,Media & Entertainment,refresh_suppressed,False,,Suppression approved in Health review queue.,NO_CANDLES,4,5,2026-03-12 14:21:51.741707,2026-03-11 10:26:42.436826,False,,,,,,,,False,False,False,False,,,,,0,,2026-03-12 14:22:26.937178,True
TTM,keep suppressed,no current preferred snapshot; last failure category NO_CANDLES; durable suppression provenance present,1,India,International,refresh_suppressed,False,,Suppression approved in Health review queue.,NO_CANDLES,4,5,2026-03-12 14:21:55.257370,2026-03-11 10:26:42.660220,False,,,,,,,,False,False,False,False,,,,,0,,2026-03-12 14:22:26.937178,True
TWNK,keep suppressed,no current preferred snapshot; last failure category NO_CANDLES; durable suppression provenance present,1,Snacks & Candy,Consumer - Food & Beverage,refresh_suppressed,False,,Suppression approved in Health review queue.,NO_CANDLES,4,5,2026-03-12 14:21:56.135507,2026-03-11 10:26:42.723882,False,,,,,,,,False,False,False,False,,,,,0,,2026-03-12 14:22:26.937178,True
TWOU,keep suppressed,no current preferred snapshot; last failure category NO_CANDLES; durable suppression provenance present,1,Education,Specialty Themes,refresh_suppressed,False,,Suppression approved in Health review queue.,NO_CANDLES,4,5,2026-03-12 14:21:56.232789,2026-03-11 10:26:42.736422,False,,,,,,,,False,False,False,False,,,,,0,,2026-03-12 14:22:26.937178,True
TWTR,keep suppressed,manual suppression: Inactive; durable suppression provenance present,1,Internet - Social,Technology - Internet,refresh_suppressed,True,Inactive,Inactive,NO_CANDLES,4,5,2026-03-12 14:21:56.327330,2026-03-11 10:26:42.749073,False,,,,,,,,False,False,False,False,,,,,0,,2026-03-12 14:22:26.937178,True
UMG,keep suppressed,no current preferred snapshot; last failure category NO_CANDLES; durable suppression provenance present,1,Media - Music,Media & Entertainment,refresh_suppressed,False,,Suppression approved in Health review queue.,NO_CANDLES,4,5,2026-03-12 14:22:00.905407,2026-03-11 10:26:43.019624,False,,,,,,,,False,False,False,False,,,,,0,,2026-03-12 14:22:26.937178,True
USCR,keep suppressed,no current preferred snapshot; last failure category NO_CANDLES; durable suppression provenance present,1,Building Materials,Materials & Chemicals,refresh_suppressed,False,,Suppression approved in Health review queue.,NO_CANDLES,4,5,2026-03-12 14:22:03.090748,2026-03-11 10:26:43.154503,False,,,,,,,,False,False,False,False,,,,,0,,2026-03-12 14:22:26.937178,True
VEDL,keep suppressed,no current preferred snapshot; last failure category NO_CANDLES; durable suppression provenance present,1,India,International,refresh_suppressed,False,,Suppression approved in Health review queue.,NO_CANDLES,4,5,2026-03-12 14:22:04.781117,2026-03-11 10:26:43.268309,False,,,,,,,,False,False,False,False,,,,,0,,2026-03-12 14:22:26.937178,True
VGR,keep suppressed,no current preferred snapshot; last failure category NO_CANDLES; durable suppression provenance present,1,Tobacco,Specialty Themes,refresh_suppressed,False,,Suppression approved in Health review queue.,NO_CANDLES,4,5,2026-03-12 14:22:05.675599,2026-03-11 10:26:43.328898,False,,,,,,,,False,False,False,False,,,,,0,,2026-03-12 14:22:26.937178,True
VIAVI,keep suppressed,no current preferred snapshot; last failure category NO_CANDLES; durable suppression provenance present,1,5G Infrastructure,Emerging Tech,refresh_suppressed,False,,Suppression approved in Health review queue.,NO_CANDLES,4,5,2026-03-12 14:22:05.776434,2026-03-11 10:26:43.341011,False,,,,,,,,False,False,False,False,,,,,0,,2026-03-12 14:22:26.937178,True
VJET,keep suppressed,no current preferred snapshot; last failure category NO_CANDLES; durable suppression provenance present,1,3D Printing,Emerging Tech,refresh_suppressed,False,,Suppression approved in Health review queue.,NO_CANDLES,4,5,2026-03-12 14:22:06.276755,2026-03-11 10:26:43.380592,False,,,,,,,,False,False,False,False,,,,,0,,2026-03-12 14:22:26.937178,True
VLDR,keep suppressed,no current preferred snapshot; last failure category NO_CANDLES; durable suppression provenance present,2,"AI - Computer Vision, Autonomous Vehicles","Artificial Intelligence, Autos & EV",refresh_suppressed,False,,Suppression approved in Health review queue.,NO_CANDLES,4,5,2026-03-12 14:22:06.571194,2026-03-11 10:26:43.406067,False,,,,,,,,False,False,False,False,,,,,0,,2026-03-12 14:22:26.937178,True
VLTA,keep suppressed,no current preferred snapshot; last failure category NO_CANDLES; durable suppression provenance present,1,EV - Charging,Autos & EV,refresh_suppressed,False,,Suppression approved in Health review queue.,NO_CANDLES,4,5,2026-03-12 14:22:06.861848,2026-03-11 10:26:43.431480,False,,,,,,,,False,False,False,False,,,,,0,,2026-03-12 14:22:26.937178,True
VMW,keep suppressed,manual suppression: Inactive; durable suppression provenance present,2,"Cloud - Infrastructure, Cybersecurity - Endpoint",Technology - Software,refresh_suppressed,True,Inactive,Inactive,NO_CANDLES,4,5,2026-03-12 14:22:07.390371,2026-03-11 10:26:43.469043,False,,,,,,,,False,False,False,False,,,,,0,,2026-03-12 14:22:26.937178,True
VORB,keep suppressed,no current preferred snapshot; last failure category NO_CANDLES; durable suppression provenance present,1,Space - Launch,Space & Aerospace,refresh_suppressed,False,,Suppression approved in Health review queue.,NO_CANDLES,4,5,2026-03-12 14:22:07.878067,2026-03-11 10:26:43.507409,False,,,,,,,,False,False,False,False,,,,,0,,2026-03-12 14:22:26.937178,True
WCG,keep suppressed,no current preferred snapshot; last failure category NO_CANDLES; durable suppression provenance present,1,Healthcare Services,Healthcare - Devices & Services,refresh_suppressed,False,,Suppression approved in Health review queue.,NO_CANDLES,4,5,2026-03-12 14:22:13.685808,2026-03-11 10:26:43.848835,False,,,,,,,,False,False,False,False,,,,,0,,2026-03-12 14:22:26.937178,True
WISH,keep suppressed,no current preferred snapshot; last failure category NO_CANDLES; durable suppression provenance present,2,"Meme Stocks, Retail - E-Commerce","Consumer - Retail, Specialty Themes",refresh_suppressed,False,,Calculation outlier kept active by reviewer.,NO_CANDLES,5,6,2026-03-15 17:56:07.332857,2026-03-11 10:26:44.039800,False,,,,,,,,False,False,False,False,,,,,0,,2026-03-15 17:56:17.301575,True
WRK,keep suppressed,no current preferred snapshot; last failure category NO_CANDLES; durable suppression provenance present,1,Packaging - Paper,Materials & Chemicals,refresh_suppressed,False,,Suppression approved in Health review queue.,NO_CANDLES,4,5,2026-03-12 14:22:19.387592,2026-03-11 10:26:44.228359,False,,,,,,,,False,False,False,False,,,,,0,,2026-03-12 14:22:26.937178,True
WTR,keep suppressed,manual suppression: Delist; durable suppression provenance present,1,Utilities - Water,Utilities,refresh_suppressed,True,Delist,Delist,NO_CANDLES,4,5,2026-03-12 14:22:20.071824,2026-03-11 10:26:44.277960,False,,,,,,,,False,False,False,False,,,,,0,,2026-03-12 14:22:26.937178,True
ZNGA,keep suppressed,no current preferred snapshot; last failure category NO_CANDLES; durable suppression provenance present,1,Video Games,Technology - Internet,refresh_suppressed,False,,Suppression approved in Health review queue.,NO_CANDLES,4,5,2026-03-12 14:22:26.526731,2026-03-11 10:26:44.660712,False,,,,,,,,False,False,False,False,,,,,0,,2026-03-12 14:22:26.937178,True
AMED,likely safe to return to active,passes current ranking inputs except suppression; recent preferred snapshot (8d old); no recent failure trail visible; durable suppression provenance present,1,Home Health,Healthcare - Specialty,refresh_suppressed,False,,"Suppression approved in Health review queue. Excluded from refresh, current rankings, and historical movement calculations.",,0,0,,2026-04-13 14:56:22.094972,True,2026-04-13 15:01:54.969019,8,2025-08-13 17:00:00,active_themes,100.99,752948.380952381,76040256.99238095,True,True,True,True,,0.11,3.6,6.9,0,,,True
AZEK,likely safe to return to active,passes current ranking inputs except suppression; recent preferred snapshot (8d old); no recent failure trail visible; durable suppression provenance present,2,"Building Products, Coatings & Paints","Materials & Chemicals, Real Estate - Non REIT",refresh_suppressed,False,,"Suppression approved in Health review queue. Excluded from refresh, current rankings, and historical movement calculations.",,0,0,,2026-04-13 14:56:36.667700,True,2026-04-13 15:01:54.969019,8,2025-06-29 17:00:00,active_themes,54.35,5163197.571428572,280619788.0071429,True,True,True,True,,5.09,10.83,,0,,,True
CHX,likely safe to return to active,passes current ranking inputs except suppression; recent preferred snapshot (8d old); no recent failure trail visible; durable suppression provenance present,1,Oil - Services,Energy - Oil & Gas,refresh_suppressed,False,,"Suppression approved in Health review queue. Excluded from refresh, current rankings, and historical movement calculations.",,0,0,,2026-04-13 14:57:07.214710,True,2026-04-13 15:01:54.969019,8,2025-07-14 17:00:00,active_themes,25.81,3261524.761904762,84179954.10476191,True,True,True,True,,-3.87,-1.41,,0,,,True
COOP,likely safe to return to active,passes current ranking inputs except suppression; recent preferred snapshot (8d old); no recent failure trail visible; durable suppression provenance present,1,Mortgage Finance,Financials - Other,refresh_suppressed,False,,"Suppression approved in Health review queue. Excluded from refresh, current rankings, and historical movement calculations.",,0,0,,2026-04-13 14:57:16.496535,True,2026-04-13 15:01:54.969019,8,2025-09-29 17:00:00,active_themes,210.79,930226.0,196082338.54,True,True,True,True,,-1.5,11.81,38.51,0,,,True
DESP,likely safe to return to active,passes current ranking inputs except suppression; recent preferred snapshot (8d old); no recent failure trail visible; durable suppression provenance present,1,Internet - Travel,Technology - Internet,refresh_suppressed,False,,"Suppression approved in Health review queue. Excluded from refresh, current rankings, and historical movement calculations.",,0,0,,2026-04-13 14:57:33.825430,True,2026-04-13 15:01:54.969019,8,2025-05-13 17:00:00,active_themes,19.5,1862254.380952381,36313960.42857143,True,True,True,True,,0.21,2.31,,0,,,True
DFS,likely safe to return to active,passes current ranking inputs except suppression; recent preferred snapshot (8d old); no recent failure trail visible; durable suppression provenance present,1,Specialty Finance,Financials - Other,refresh_suppressed,False,,"Suppression approved in Health review queue. Excluded from refresh, current rankings, and historical movement calculations.",,0,0,,2026-04-13 14:57:34.244420,True,2026-04-13 15:01:54.969019,8,2025-05-15 17:00:00,active_themes,200.05,3756306.9523809524,751449205.8238096,True,True,True,True,,5.25,27.98,,0,,,True
ERJ,likely safe to return to active,passes current ranking inputs except suppression; recent preferred snapshot (8d old); no recent failure trail visible; durable suppression provenance present,1,Aerospace - Commercial,Space & Aerospace,refresh_suppressed,False,,"Suppression approved in Health review queue. Excluded from refresh, current rankings, and historical movement calculations.",,0,0,,2026-04-13 14:57:50.859331,True,2026-04-13 15:01:54.969019,8,2025-10-30 17:00:00,active_themes,64.48,1151936.0,74276833.28,True,True,True,True,,0.47,13.56,11.54,0,,,True
FL,likely safe to return to active,passes current ranking inputs except suppression; recent preferred snapshot (8d old); no recent failure trail visible; durable suppression provenance present,1,Retail - Sporting Goods,Consumer - Retail,refresh_suppressed,False,,"Suppression approved in Health review queue. Excluded from refresh, current rankings, and historical movement calculations.",,0,0,,2026-04-13 14:58:01.372046,True,2026-04-13 15:01:54.969019,8,2025-09-04 17:00:00,active_themes,24.01,5711889.476190476,137142466.32333332,True,True,True,True,,-4.19,-5.06,0.25,0,,,True
GOGL,likely safe to return to active,passes current ranking inputs except suppression; recent preferred snapshot (8d old); no recent failure trail visible; durable suppression provenance present,1,Shipping - Dry Bulk,Industrials - Transport,refresh_suppressed,False,,"Suppression approved in Health review queue. Excluded from refresh, current rankings, and historical movement calculations.",,0,0,,2026-04-13 14:58:16.573582,True,2026-04-13 15:01:54.969019,8,2025-08-18 17:00:00,active_themes,7.98,3031313.4285714286,24189881.16,True,True,True,True,,-5.11,-2.33,-0.13,0,,,True
HES,likely safe to return to active,passes current ranking inputs except suppression; recent preferred snapshot (8d old); no recent failure trail visible; durable suppression provenance present,1,Oil - Large Cap,Energy - Oil & Gas,refresh_suppressed,False,,"Suppression approved in Health review queue. Excluded from refresh, current rankings, and historical movement calculations.",,0,0,,2026-04-13 14:58:24.308518,True,2026-04-13 15:01:54.969019,8,2025-07-16 17:00:00,active_themes,148.97,2588469.238095238,385604262.39904755,True,True,True,True,,-2.02,5.09,17.11,0,,,True
JNPR,likely safe to return to active,passes current ranking inputs except suppression; recent preferred snapshot (8d old); no recent failure trail visible; durable suppression provenance present,3,"AI - Edge Computing, AI - Infrastructure, Telecom - Equipment","Artificial Intelligence, Telecom",refresh_suppressed,False,,"Suppression approved in Health review queue. Excluded from refresh, current rankings, and historical movement calculations.",,0,0,,2026-04-13 14:58:48.132607,True,2026-04-13 15:01:54.969019,8,2025-06-30 17:00:00,active_themes,39.95,3803370.9523809524,151944669.54761907,True,True,True,True,,9.27,11.19,,0,,,True
JWN,likely safe to return to active,passes current ranking inputs except suppression; recent preferred snapshot (8d old); no recent failure trail visible; durable suppression provenance present,1,Retail - Department,Consumer - Retail,refresh_suppressed,False,,"Suppression approved in Health review queue. Excluded from refresh, current rankings, and historical movement calculations.",,0,0,,2026-04-13 14:58:48.782126,True,2026-04-13 15:01:54.969019,8,2025-05-19 17:00:00,active_themes,24.66,7313789.857142857,180358057.87714285,True,True,True,True,,0.37,3.57,,0,,,True
MAG,likely safe to return to active,passes current ranking inputs except suppression; recent preferred snapshot (8d old); no recent failure trail visible; durable suppression provenance present,1,Silver Miners,Metals & Mining,refresh_suppressed,False,,"Suppression approved in Health review queue. Excluded from refresh, current rankings, and historical movement calculations.",,0,0,,2026-04-13 14:59:10.730503,True,2026-04-13 15:01:54.969019,8,2025-09-02 17:00:00,active_themes,24.47,1930991.142857143,47251353.26571429,True,True,True,True,,2.04,16.63,22.72,0,,,True
PARA,likely safe to return to active,passes current ranking inputs except suppression; recent preferred snapshot (8d old); no recent failure trail visible; durable suppression provenance present,3,"Media - Streaming, Media - Traditional, Streaming & Media","Media & Entertainment, Technology - Internet",refresh_suppressed,False,,"Suppression approved in Health review queue. Excluded from refresh, current rankings, and historical movement calculations.",,0,0,,2026-04-13 14:59:51.796812,True,2026-04-13 15:01:54.969019,8,2025-08-05 17:00:00,active_themes,11.04,14533144.38095238,160445913.96571428,True,True,True,True,,-16.99,-12.59,-4.0,0,,,True
PDCO,likely safe to return to active,passes current ranking inputs except suppression; recent preferred snapshot (8d old); no recent failure trail visible; durable suppression provenance present,1,Dental,Healthcare - Devices & Services,refresh_suppressed,False,,"Suppression approved in Health review queue. Excluded from refresh, current rankings, and historical movement calculations.",,0,0,,2026-04-13 14:59:54.118013,True,2026-04-13 15:01:54.969019,8,2025-04-15 17:00:00,active_themes,31.33,5585781.333333333,175002529.17333332,True,True,True,True,,,,,0,,,True
PPBI,likely safe to return to active,passes current ranking inputs except suppression; recent preferred snapshot (8d old); no recent failure trail visible; durable suppression provenance present,1,Banks - West,Financials - Banks,refresh_suppressed,False,,"Suppression approved in Health review queue. Excluded from refresh, current rankings, and historical movement calculations.",,0,0,,2026-04-13 15:00:04.078832,True,2026-04-13 15:01:54.969019,8,2025-08-28 17:00:00,active_themes,24.49,1894381.1904761905,46393395.354761906,True,True,True,True,,0.76,13.01,15.52,0,,,True
RDFN,likely safe to return to active,passes current ranking inputs except suppression; recent preferred snapshot (8d old); no recent failure trail visible; durable suppression provenance present,3,"Internet - Classifieds, Real Estate Services, Real Estate Tech","Real Estate - Non REIT, Technology - Internet",refresh_suppressed,False,,"Suppression approved in Health review queue. Excluded from refresh, current rankings, and historical movement calculations.",,0,0,,2026-04-13 15:00:20.517385,True,2026-04-13 15:01:54.969019,8,2025-06-29 17:00:00,active_themes,11.19,7766410.333333333,86906131.63,True,True,True,True,,-3.03,9.06,,0,,,True
SAGE,likely safe to return to active,passes current ranking inputs except suppression; recent preferred snapshot (8d old); no recent failure trail visible; durable suppression provenance present,1,Biotech - CNS,Healthcare - Biotech,refresh_suppressed,False,,"Suppression approved in Health review queue. Excluded from refresh, current rankings, and historical movement calculations.",,0,0,,2026-04-13 15:00:37.404441,True,2026-04-13 15:01:54.969019,8,2025-07-29 17:00:00,active_themes,8.68,3715476.523809524,32250336.226666667,True,True,True,True,,-1.03,-4.82,14.21,0,,,True
SAND,likely safe to return to active,passes current ranking inputs except suppression; recent preferred snapshot (8d old); no recent failure trail visible; durable suppression provenance present,1,Gold - Royalty,Metals & Mining,refresh_suppressed,False,,"Suppression approved in Health review queue. Excluded from refresh, current rankings, and historical movement calculations.",,0,0,,2026-04-13 15:00:38.900256,True,2026-04-13 15:01:54.969019,8,2025-10-16 17:00:00,active_themes,12.12,6543898.238095238,79312046.64571428,True,True,True,True,,0.08,3.41,25.34,0,,,True
SWTX,likely safe to return to active,passes current ranking inputs except suppression; recent preferred snapshot (8d old); no recent failure trail visible; durable suppression provenance present,1,Biotech - Small Cap,Healthcare - Biotech,refresh_suppressed,False,,"Suppression approved in Health review queue. Excluded from refresh, current rankings, and historical movement calculations.",,0,0,,2026-04-13 15:01:02.207449,True,2026-04-13 15:01:54.969019,8,2025-06-29 17:00:00,active_themes,46.99,4713825.714285715,221502670.31428573,True,True,True,True,,0.04,0.66,,0,,,True
TGI,likely safe to return to active,passes current ranking inputs except suppression; recent preferred snapshot (8d old); no recent failure trail visible; durable suppression provenance present,2,"Aerospace - Commercial, Aerospace - Suppliers",Space & Aerospace,refresh_suppressed,False,,"Suppression approved in Health review queue. Excluded from refresh, current rankings, and historical movement calculations.",,0,0,,2026-04-13 15:01:08.762600,True,2026-04-13 15:01:54.969019,8,2025-07-23 17:00:00,active_themes,26.01,1352525.9523809524,35179200.02142858,True,True,True,True,,0.46,0.97,3.71,0,,,True
VERV,likely safe to return to active,passes current ranking inputs except suppression; recent preferred snapshot (8d old); no recent failure trail visible; durable suppression provenance present,1,Biotech - Gene Therapy,Healthcare - Biotech,refresh_suppressed,False,,"Suppression approved in Health review queue. Excluded from refresh, current rankings, and historical movement calculations.",,0,0,,2026-04-13 15:01:32.134230,True,2026-04-13 15:01:54.969019,8,2025-07-23 17:00:00,active_themes,11.13,4305738.904761905,47922874.010000005,True,True,True,True,,1.64,-0.36,103.47,0,,,True
WBA,likely safe to return to active,passes current ranking inputs except suppression; recent preferred snapshot (8d old); no recent failure trail visible; durable suppression provenance present,1,Retail - Drug,Consumer - Retail,refresh_suppressed,False,,"Suppression approved in Health review queue. Excluded from refresh, current rankings, and historical movement calculations.",,0,0,,2026-04-13 15:01:40.235815,True,2026-04-13 15:01:54.969019,8,2025-08-26 17:00:00,active_themes,11.98,34822227.571428575,417170286.3057143,True,True,True,True,,-1.8,3.1,7.06,0,,,True
X,likely safe to return to active,passes current ranking inputs except suppression; recent preferred snapshot (8d old); no recent failure trail visible; durable suppression provenance present,1,Steel,Metals & Mining,refresh_suppressed,False,,"Suppression approved in Health review queue. Excluded from refresh, current rankings, and historical movement calculations.",,0,0,,2026-04-13 15:01:49.203684,True,2026-04-13 15:01:54.969019,8,2025-06-16 17:00:00,active_themes,54.84,13851014.904761905,759589657.3771429,True,True,True,True,,1.76,35.91,,0,,,True
ATUS,review manually,current snapshot present but dollar volume below current ranking floor; recent preferred snapshot (8d old); durable suppression provenance present,2,"Streaming & Media, Telecom - Cable","Technology - Internet, Telecom",refresh_suppressed,False,,"Suppression approved in Health review queue. Excluded from refresh, current rankings, and historical movement calculations.",,0,0,,2026-04-13 14:56:33.565324,True,2026-04-13 15:01:54.969019,8,2025-11-17 17:00:00,active_themes,1.79,4008520.380952381,7175251.481904762,True,True,False,False,,-9.14,-25.73,-18.64,0,,,True
BGFV,review manually,current snapshot present but dollar volume below current ranking floor; recent preferred snapshot (8d old); durable suppression provenance present,1,Retail - Sporting Goods,Consumer - Retail,refresh_suppressed,False,,"Suppression approved in Health review queue. Excluded from refresh, current rankings, and historical movement calculations.",,0,0,,2026-04-13 14:56:44.188729,True,2026-04-13 15:01:54.969019,8,2025-09-30 17:00:00,active_themes,1.44,293179.09523809527,422177.89714285714,True,True,False,False,,2.86,0.7,2.13,0,,,True
BIGC,review manually,current snapshot present but dollar volume below current ranking floor; recent preferred snapshot (8d old); durable suppression provenance present,1,Software - SMB,Technology - Software,refresh_suppressed,False,,"Suppression approved in Health review queue. Excluded from refresh, current rankings, and historical movement calculations.",,0,0,,2026-04-13 14:56:44.850365,True,2026-04-13 15:01:54.969019,8,2025-07-30 17:00:00,active_themes,4.78,773886.8095238095,3699178.9495238094,True,True,False,False,,-5.16,-5.91,-7.72,0,,,True
BLUE,review manually,current snapshot present but dollar volume below current ranking floor; recent preferred snapshot (8d old); durable suppression provenance present,2,"Biotech - Cell Therapy, Biotech - Small Cap",Healthcare - Biotech,refresh_suppressed,False,,"Suppression approved in Health review queue. Excluded from refresh, current rankings, and historical movement calculations.",,0,0,,2026-04-13 14:56:48.765577,True,2026-04-13 15:01:54.969019,8,2025-05-29 17:00:00,active_themes,4.97,1008793.7142857143,5013704.76,True,True,False,False,,-0.4,21.81,,0,,,True
BRFS,review manually,current snapshot present but dollar volume below current ranking floor; recent preferred snapshot (8d old); durable suppression provenance present,2,"Livestock & Meat, Meat & Poultry","Commodities & Agriculture, Consumer - Food & Beverage",refresh_suppressed,False,,"Suppression approved in Health review queue. Excluded from refresh, current rankings, and historical movement calculations.",,0,0,,2026-04-13 14:56:51.299572,True,2026-04-13 15:01:54.969019,8,2025-09-21 17:00:00,active_themes,3.38,1714970.7142857143,5796601.014285714,True,True,False,False,,-14.21,-6.63,-12.89,0,,,True
GCI,review manually,current snapshot present but dollar volume below current ranking floor; recent preferred snapshot (8d old); durable suppression provenance present,1,Media - Publishing,Media & Entertainment,refresh_suppressed,False,,"Suppression approved in Health review queue. Excluded from refresh, current rankings, and historical movement calculations.",,0,0,,2026-04-13 14:58:08.803506,True,2026-04-13 15:01:54.969019,8,2025-11-16 17:00:00,active_themes,4.55,3044039.5714285714,13850380.049999999,True,True,False,False,,-11.99,27.81,10.17,0,,,True
HSON,review manually,current snapshot present but dollar volume below current ranking floor; recent preferred snapshot (8d old); durable suppression provenance present,1,Staffing,Industrials - Services,refresh_suppressed,False,,"Suppression approved in Health review queue. Excluded from refresh, current rankings, and historical movement calculations.",,0,0,,2026-04-13 14:58:29.527031,True,2026-04-13 15:01:54.969019,8,2025-09-03 17:00:00,active_themes,9.875,19213.285714285714,189731.19642857142,True,True,False,False,,4.5,7.29,10.71,0,,,True
HYMTF,review manually,current snapshot present but dollar volume below current ranking floor; recent preferred snapshot (8d old); durable suppression provenance present,1,Korea,International,refresh_suppressed,False,,"Suppression approved in Health review queue. Excluded from refresh, current rankings, and historical movement calculations.",,0,0,,2026-04-13 14:58:31.673262,True,2026-04-13 15:01:54.969019,8,2025-07-29 17:00:00,active_themes,51.0,2423.904761904762,123619.14285714286,True,True,False,False,,-5.56,-7.1,2.0,0,,,True
LFLYD,review manually,current snapshot present but dollar volume below current ranking floor; recent preferred snapshot (8d old); durable suppression provenance present,1,Cannabis,Specialty Themes,refresh_suppressed,False,,"Suppression approved in Health review queue. Excluded from refresh, current rankings, and historical movement calculations.",,0,0,,2026-04-13 14:58:59.866402,True,2026-04-13 15:01:54.969019,8,2025-10-02 17:00:00,active_themes,37.0,360.2,13327.4,True,True,False,False,,,,,0,,,True
LGF.A,review manually,current snapshot present but dollar volume below current ranking floor; recent preferred snapshot (8d old); durable suppression provenance present,1,Streaming & Media,Technology - Internet,refresh_suppressed,False,,"Suppression approved in Health review queue. Excluded from refresh, current rankings, and historical movement calculations.",,0,0,,2026-04-13 14:59:00.663929,True,2026-04-13 15:01:54.969019,8,2025-05-05 17:00:00,active_themes,8.59,812104.5,6975977.655,True,True,False,False,,-2.28,,,0,,,True
MKFG,review manually,current snapshot present but dollar volume below current ranking floor; recent preferred snapshot (8d old); durable suppression provenance present,1,3D Printing,Emerging Tech,refresh_suppressed,False,,"Suppression approved in Health review queue. Excluded from refresh, current rankings, and historical movement calculations.",,0,0,,2026-04-13 14:59:17.797959,True,2026-04-13 15:01:54.969019,8,2025-04-23 17:00:00,active_themes,4.74,141096.125,668795.6325000001,True,True,False,False,,-0.84,,,0,,,True
PLL,review manually,current snapshot present but dollar volume below current ranking floor; recent preferred snapshot (8d old); durable suppression provenance present,1,Lithium,Metals & Mining,refresh_suppressed,False,,"Suppression approved in Health review queue. Excluded from refresh, current rankings, and historical movement calculations.",,0,0,,2026-04-13 15:00:00.621016,True,2026-04-13 15:01:54.969019,8,2025-08-28 17:00:00,active_themes,7.25,668741.3333333334,4848374.666666667,True,True,False,False,,-21.28,-0.68,17.31,0,,,True
SJW,review manually,current snapshot present but dollar volume below current ranking floor; recent preferred snapshot (8d old); durable suppression provenance present,1,Utilities - Water,Utilities,refresh_suppressed,False,,"Suppression approved in Health review queue. Excluded from refresh, current rankings, and historical movement calculations.",,0,0,,2026-04-13 15:00:48.650653,True,2026-04-13 15:01:54.969019,8,2025-05-04 17:00:00,active_themes,54.86,248354.6,13624733.356,True,True,False,False,,2.52,,,0,,,True
SSNLF,review manually,current snapshot present but dollar volume below current ranking floor; recent preferred snapshot (8d old); durable suppression provenance present,1,Semis - Foundry,Semiconductors,refresh_suppressed,False,,"Suppression approved in Health review queue. Excluded from refresh, current rankings, and historical movement calculations.",,0,0,,2026-04-13 15:00:57.873828,True,2026-04-13 15:01:54.969019,8,2025-11-06 17:00:00,active_themes,65.21,1531.0,99836.51,True,True,False,False,,,,,0,,,True
